rank,gamer_name,skill_rating,games_played
1,Y-Z-N_SA,4685,249
2,SoraHeartly,4648,66
3,CODCode904,4603,30
4,Vezifyyy,4600,27
5,Mercy,4582,43
6,iRobbStark,4553,97
7,iKxKK,4522,78
8,FuzeM8,4417,46
8,Appelsauce01,4417,114
10,BIGBOSS-_-q8,4416,39
10,C0LLXN--,4416,68
12,The_Teawreks,4409,14
13,Punisher__02,4396,393
14,nikoblaf,4394,25
15,Mortal,4390,37
16,Vex_Armour,4378,39
17,Smokeynypd,4375,170
17,THUNDERBIRDENZO,4375,85
19,SKRRSKRRx,4373,88
20,p1ckleguy,4370,38
21,Curiious--,4362,70
22,vikes281269,4358,284
23,Meraakii,4355,26
24,AboTrEnd,4354,33
25,xMeijor-Skillsx,4351,161
26,ohBleu,4347,54
27,SnipKw,4342,113
28,WxZiR,4340,23
29,xlMajor-Skillslx,4339,192
30,cito1,4337,31
31,Samyuhl,4334,45
32,BestSymmetra,4326,40
33,Ceasariam1,4324,89
34,OG_Spuggz,4320,29
35,xxMERCYMEINxx,4318,86
35,Candyy-x,4318,51
35,Lime232,4318,97
38,Anamei-,4309,53
38,kitty-kingdom,4309,16
40,DatFatRat,4304,174
41,Boto-PekPek,4301,71
42,S-Ranx,4295,140
43,F_NKD_,4293,85
44,MercyyKills,4289,49
45,Xuteq,4286,325
46,LEO_MERKSALOT,4269,268
47,EvanMario,4261,236
47,UnrelentingBear,4261,121
47,GHOST-ZERO32,4261,189
50,SsbmHax,4259,78
51,Vasock,4258,13
52,lowkeypharah,4256,54
53,MeshalXr,4255,62
54,Banana_Man367,4251,510
55,AlwaysAldo,4249,44
56,v_Miles,4248,60
57,DARKLIGHT945,4245,249
58,TracerTranquil,4244,79
59,Libxro,4242,27
59,HammondF,4242,134
61,LadyAverelynn,4239,85
61,NOMAD__13,4239,120
63,cmdsoccerfan,4237,109
64,zApxIIo,4236,46
64,nikolabff,4236,81
66,BizzyxThexKid,4235,26
67,Paradoxed_Angel,4234,25
67,Fluffy_Swaggins,4234,109
69,ToRepresent_,4231,291
70,BigDaddyTorbjon,4226,190
71,Tarkenn,4224,50
72,Hmassq8,4223,53
73,Nearzam,4222,75
74,BRUINS1234567891,4220,69
75,KephWurry,4215,29
75,Wolfsilvergem,4215,74
77,alhjlhr,4213,61
78,DOSLuck,4210,40
79,Gamermoses00,4209,55
79,Bxnquo,4209,75
79,ilovemissmeteora,4209,159
82,Azo0zAli675,4201,208
83,NoMercy_oxox,4200,44
84,OP-Mesho,4196,177
85,DiamondDogs727,4193,27
86,ELEMENT_RAVENOUS,4192,57
86,Kephrii_consl,4192,103
88,Aimbot-CalvinJr,4182,24
89,Hyqi,4181,363
90,ShakeAndBake5129,4180,58
91,Pr0j3ct1leG0D,4178,296
92,The_Rad_Dawg,4176,23
92,DonSaudHD,4176,178
94,Grundlenorf,4172,24
95,serx183,4171,253
96,Kayeose,4169,91
97,BurberryAaron,4168,157
97,Tisumi___,4168,23
97,Sboy022002,4168,18
100,b0ng_Tastic420,4166,67
100,b0ng_Tastic420,4166,67
102,Swishy_SimmonZ,4162,15
102,aqrat,4162,22
102,surpboy,4162,54
102,fashionqueenxoxo,4162,403
106,Lunaryes,4160,59
106,Maranata01,4160,88
108,INCBUSTV,4157,74
109,PF_Kabaji,4156,178
110,Nike_Ramos,4154,189
110,M--Xavier,4154,381
112,SirSuro,4153,69
113,NTrySoft,4151,136
114,jonathan1058,4150,75
115,aurorus-_,4149,126
116,xSlopzzz,4148,182
116,aBsTrAcT_Hazza,4148,262
118,MrCaliiber,4146,246
119,MT-Dew-_-Crystal,4145,73
120,JohnnySinsPog,4144,92
121,Sxyul,4141,62
121,Esteban_C15,4141,56
123,mopymopemop,4140,42
124,Bow20k,4135,193
124,Ameer-Bo3,4135,320
126,VengefulZarya,4133,29
126,PoP_CandiiGirl99,4133,65
126,Reaperkill-,4133,81
126,kris-unoffical,4133,96
130,XxCliqueModzxX,4132,47
131,UnknownStrategy,4131,160
132,Mercywatch,4130,73
132,Kittin_Mittenz,4130,68
134,xmb1k,4129,50
134,cadence0409,4129,167
134,BronzeBuns,4129,96
137,GhostKillSkull,4128,54
137,AssBabyFeelDat,4128,112
139,IInfiniteVision,4127,58
139,dark_phoeinix,4127,103
141,BooomHK,4122,35
142,yazeed-Alhrbi-18,4121,56
143,Sleepy_ByeBye,4118,43
143,The_Endis_Near_,4118,119
143,as_Bernie,4118,60
146,HellaSlatt,4117,24
147,i9_rahbii_7i,4116,63
147,Reece_Owen_,4116,53
149,Embleu,4115,461
150,ShayUAE66,4114,88
150,Farooster,4114,124
150,Ethan880019,4114,97
153,xCayne,4112,79
154,ZyNc_knight,4110,247
154,KerroZxL,4110,22
156,Xx-AzaZel25-xX,4108,41
156,deadshadow02,4108,128
158,Fannez-,4107,103
159,MrChxrm,4106,159
160,SwooPxr,4105,71
160,W-Legendary-W,4105,90
162,DJRory_,4104,221
163,jujy0531,4103,153
163,kckr-4,4103,99
165,Jonny99,4101,269
165,PRM3600,4101,225
167,ILoveCodcode904,4099,58
167,SoliverZ,4099,138
169,laframboise_6,4098,71
169,Unbound-Slayer-,4098,88
169,Arepa_2TM,4098,74
169,Smaxsh,4098,422
173,WistlerOW,4097,27
173,king14171,4097,59
173,SMPPKurek,4097,25
176,SeulnUu,4096,97
177,redpepper361,4095,72
178,jojo102494,4093,53
179,Dragun_Ryder2,4092,40
179,x3piCKiLLer79x,4092,17
181,Chhooon,4091,251
181,ConfusedeBlonde,4091,65
183,akiboy05,4090,348
183,DatChicagoKid,4090,290
183,TripleWhiteTNs,4090,66
186,ZPRN,4089,51
186,Marifer24,4089,329
188,Tektronix_Ice,4085,139
188,iHidz,4085,30
190,Taterballs69,4084,170
190,Miiwry,4084,354
192,ozdemir-2003,4083,27
193,chiefnhey,4082,85
193,Cypher_Corb,4082,71
193,AustinMinaj,4082,237
196,BrownnGirls,4081,1010
197,King_Killa111237,4080,53
197,poke-oni,4080,95
199,DENIS96177,4079,205
199,JolloDrollo,4079,49
201,Soccer_Taco234,4078,125
202,quesofries,4076,61
203,bbyllama,4073,119
203,maniac123mc,4073,68
205,d3koyz,4072,34
205,Xternel,4072,65
205,o_JCVstealth_o,4072,184
208,A547396,4071,187
208,KiloPanda,4071,21
208,HexaRyeN,4071,185
211,Kabliv2,4070,44
211,B_WildiN473,4070,113
211,Muccree,4070,97
214,DSPPauly,4069,122
214,Mugger17,4069,77
214,okyouwait,4069,82
217,S-C-J53,4068,123
217,ZENTORYUM,4068,60
219,ManBearPig258126,4067,400
220,ThePhoenixGam3r_,4063,43
220,GenkiOW,4063,179
220,MiSHari-ak,4063,315
223,Uhtherside,4061,29
223,DestroyersAlive,4061,333
225,JDogg2168,4060,301
226,Keegan330,4059,37
227,NoSwitchWidow,4056,73
228,ConjuredDevil,4055,166
229,Plugesal,4054,35
229,itsEventful,4054,83
231,BiTxE_-,4053,27
231,zFuZzi0nXx,4053,35
233,zerokillermarine,4051,92
233,Narutooo-Kuuun,4051,86
233,YahBoySean,4051,214
233,HellaBlood,4051,41
237,MrNoGuts-,4050,269
238,ModdedJoker,4049,44
239,DPS-QUEEN,4048,87
239,matamerik4a,4048,22
239,JayHitEmUp_35-,4048,59
239,VxsKn,4048,107
243,Honeyless,4047,84
243,CoreyHatesYou,4047,127
243,Baconwiggles-_-,4047,122
243,buttonsmasher03,4047,133
247,IM_A_SMURF_XD_XD,4046,60
248,TheCookieTroller,4045,118
249,Tommy_Kikii,4044,416
249,xlnterstellar,4044,150
249,OG_VersaceZ,4044,45
252,Graxious,4043,111
252,ALBRHY1-,4043,174
254,SuperTical,4042,201
254,itzmjs,4042,44
254,Proximity_Hazard,4042,101
254,miracle_zerix,4042,984
258,ChickenMix-76,4041,94
258,BewareImIngorant,4041,21
260,MW2isaBEAST,4040,74
260,DnL_Catoprion,4040,28
260,bmaynard23,4040,38
260,RedAceXIII,4040,31
264,YahuThe7th,4039,28
264,NateVodka25,4039,23
264,zeldalink1991,4039,16
267,UrSugarDaddy_,4038,158
267,aq_lk,4038,69
267,Mayhem-96-,4038,131
267,GuusG97,4038,142
271,DESTROYER150899,4037,112
271,Po-yo9,4037,30
271,BDQ17,4037,104
271,moe82c,4037,73
275,MarceL0_-0_0,4036,231
276,FriskyFatty,4035,73
276,IGarros,4035,117
276,Ktenologist,4035,80
276,UkAziz,4035,103
280,DeadlyAztec11,4034,104
280,Min-Min726,4034,204
280,Gcarmine21,4034,140
280,WhyAmISmurfing,4034,17
284,Clanegan,4033,211
285,swiperman2002,4032,32
285,FelpsHa,4032,202
285,GamesGhoul,4032,31
288,hotsaucehog,4031,225
288,ByTwixyy,4031,145
288,Decxry,4031,198
288,Rose_uzumaki,4031,324
288,osamakiller10566,4031,115
293,FRUITYxPANDA,4030,147
293,Purkey2,4030,75
295,SnA-Pingu,4029,135
295,Riiima__,4029,153
295,Hydrozee_,4029,438
295,Swegosity,4029,41
299,GM_withMercy,4028,65
299,JayyLimits,4028,341
299,JayyLimits,4028,341
299,Kryptiks_v2,4028,35
299,PowerNaps-,4028,333
299,GM_withMercy,4028,65
305,clubwestferry,4027,372
305,alms3di,4027,234
305,sebastianwillia4,4027,241
305,RabbitInbound,4027,63
305,Xxshadow_415xX,4027,125
310,zaioslayer,4026,46
310,Hector_RO99,4026,497
310,josecervantes678,4026,227
310,PJROCKINSTAN,4026,77
314,OuO_HAPPY_FACE,4025,32
314,aravex,4025,52
314,XanFreakk,4025,99
314,Xx_Chrome_SMG_xX,4025,31
314,CloudIsToxic,4025,155
314,jxalbz,4025,42
320,linktg2016,4024,29
320,James5Jalon,4024,28
320,RaccPack,4024,32
320,ATG_Vortex,4024,39
320,svf727,4024,52
320,Hueningkaiii,4024,233
320,TheKidJames12,4024,83
320,Dre_XP,4024,163
328,thehyoman1005,4023,108
328,QueenMeepy,4023,174
330,jello13579,4022,177
330,Steel_NiTroS,4022,196
330,AznNinja22,4022,29
330,impactoGaming,4022,149
330,Trifecta13,4022,262
330,ninjaz-can-fly,4022,90
330,ShadowKiller21_,4022,123
330,DBZxSaiyan,4022,32
330,Izzy_wT,4022,187
339,jamalo1games,4021,98
339,Exoticthebeast25,4021,276
339,DiegoSebastian7,4021,81
342,Zorrok325,4020,66
342,Rambo_BROTHA,4020,194
342,iDr303,4020,54
342,Voltic_Mystic,4020,151
342,reddit_lucio1,4020,250
347,Bifrost887,4019,105
347,ItsTurnerBruh,4019,47
347,barflyninja354,4019,129
347,saucyhec,4019,41
347,Dishonxr,4019,109
347,SofiaHilton,4019,114
347,xIPvP,4019,313
347,TwistJr,4019,128
355,Bobby_Dont_Lie,4018,83
355,PartlyClowday7,4018,165
357,Twitch_ItzRemi99,4017,217
357,CaIIMeShadow,4017,226
357,POIIISEN,4017,356
357,xPR3DAT0Rx_265,4017,89
357,Mutiny_Infinite,4017,280
357,Corbot__,4017,27
363,SuperPsiPower,4016,462
363,rla75,4016,35
363,AngelaZieglerPHD,4016,207
363,meowbecky,4016,55
363,xxDarkstar24xx,4016,30
363,xBlackxLavender,4016,452
363,B3astMode312-,4016,34
363,IntellectualCat,4016,371
363,Oliver52565,4016,159
372,almighty_inferno,4015,235
372,Lillyxpress,4015,30
372,srwo2h,4015,187
372,Lord-ObV1,4015,392
372,alluow,4015,136
372,Sparcs_711,4015,116
372,AzMirage,4015,97
379,Xullan,4014,279
379,REIGNOFDEATH111,4014,102
379,Ungur-,4014,95
379,josesalerno83,4014,81
379,xBaDdAsGaMeR45x,4014,179
379,LiTTerDeMoN,4014,54
385,ghogy,4013,23
385,ParagonGaming22,4013,185
385,vGriip,4013,66
385,SusDolphin,4013,76
385,Sinister-IB,4013,81
385,geriHATtrics2,4013,116
385,mike1434,4013,340
385,Silvybot,4013,137
385,Snape_87,4013,69
394,PEROXID_-,4012,126
394,Clay-4321,4012,32
394,RoyalRahim,4012,150
394,B_twins69,4012,487
394,jaydenpol,4012,23
399,otp_doomfistx,4011,91
399,GrimSchism-,4011,200
399,Whyumadbro1234,4011,250
402,mdw-the-awesome,4010,102
402,SaltLamb,4010,44
402,Kamasi_Reborn,4010,64
402,darkspeed002,4010,134
406,Cloudszx,4009,95
406,Abo_Bandar55,4009,57
406,halliette,4009,110
406,xKiingRuFFy,4009,38
406,Escuzzi,4009,166
406,oToo_Quick,4009,60
406,warrior1299,4009,367
406,COMBATPRACTlCE,4009,187
406,Zenka_MK,4009,249
415,Ponterrible,4008,31
415,Dottir_,4008,140
415,Spro15,4008,119
415,Prxzmal,4008,259
415,SparkyLemur,4008,37
420,LivingLarge27,4007,301
420,robgon325,4007,38
420,NotTristanB,4007,26
420,TaitsAu,4007,58
424,KiIIerTokyoBear,4006,79
424,KiNG_GhostSniper,4006,101
424,I-_ThAtDuDe_-I,4006,92
424,Preserve-,4006,37
428,MainHanzoTroll,4005,114
428,usxsil,4005,105
428,Xgallo-94X,4005,109
428,CouponYon,4005,140
428,felimee,4005,38
428,XimbotCalvin,4005,296
428,BLACK-MASK-96,4005,24
428,blaster12383,4005,15
428,Ionic_Vortex02,4005,59
437,JessehFH,4004,355
437,OkumuraxRin,4004,92
439,fat-turtle107,4003,85
439,wafflebot690,4003,24
439,Tuhsumi,4003,33
439,TheBIackProdigy,4003,340
443,ilsmackucrazy,4002,205
443,XIm-Your-MotherX,4002,28
443,TOMSKiii6,4002,84
443,Ian1203,4002,64
443,Mrhpato,4002,255
443,MizrabeI,4002,95
443,WibowMaker,4002,387
450,CAMM,4001,89
450,Kinokii,4001,94
450,HuNtErAnGeLsCLaN,4001,91
450,UncleJinx,4001,117
450,condante75,4001,61
455,Fashcop,4000,85
455,VicMercy,4000,16
455,CrazzyReactiion,4000,47
455,said90ksa,4000,157
455,SweepingTeams,4000,95
455,Hebbby,4000,147
455,SenS_N0V4,4000,31
462,ImSorryILetYouGo,3999,20
462,FabbyPN,3999,157
462,FamilienMICMAG,3999,73
465,xbronzesombrax,3998,72
465,Cap_IX,3998,103
467,Predator3340,3996,81
467,Captain_BP94,3996,136
469,iOnlyPlayGenji69,3995,178
469,balen14,3995,97
471,gjhanji,3994,92
472,AresLegion0,3992,30
472,QuickShatterXZ,3992,51
472,Cronos629,3992,80
475,Vburg26,3991,204
476,Harpnova,3989,307
477,andrewc1010,3988,28
477,Karate_Bum,3988,179
477,SoaL_Havic,3988,55
480,DustinMySack,3987,61
480,Ernestojr7,3987,76
480,TekkenKid12,3987,103
483,ZzFaBrYzZ,3985,15
483,X_wabafet_X,3985,406
483,jasonisback87,3985,88
483,Mmeelms,3985,115
487,zR_DoWnLiNkZ,3984,93
487,zaryapls,3984,306
489,Baebyp,3983,36
490,NolifeShiro,3982,280
491,YourLocalTwink-,3981,50
491,Distraxts,3981,388
493,McCrenji,3979,108
493,Jmanbeast23,3979,299
495,domino24681011,3978,26
495,VMA_Fruitter,3978,92
495,raronet,3978,19
498,tyrrellspassterr,3977,16
498,Louiser89,3977,51
498,Hooftx,3977,76
501,FD2020175,3976,73
501,ElectriCVenomZz,3976,140
503,waterlili02,3975,68
503,Offensz,3975,32
503,R3SETS-_-,3975,242
506,QZEKAGI,3974,13
507,thh0113,3973,186
507,jiujitsukid9,3973,168
507,NSPsdrawkcaB,3973,39
507,Scriptoss,3973,95
511,xSpEct_EleMEnTaL,3972,32
511,joelskywalker,3972,55
511,Heck515,3972,57
514,TheRealLittle,3971,44
514,Adoptedemon,3971,180
514,POGGCHAMPION,3971,32
514,FRANCKY57,3971,27
518,FetelifeEnt,3970,128
518,Adubzz2128,3970,20
518,weebexe,3970,200
521,CYAN-FOXX,3969,32
522,Eroin--7,3968,38
522,MUFC_Kwt-_-,3968,82
522,burningbrownies,3968,39
525,teummo,3967,98
525,SUBAKIM,3967,44
527,KFAFESH,3966,82
527,qivid,3966,34
527,mesho_xo_,3966,61
527,xxdaveyjohnsonxx,3966,55
531,Henriettta__,3965,63
531,Bananaslayer224,3965,61
531,Faze_up_obama,3965,90
534,x24yekcih24x,3964,32
534,zzorro_71,3964,64
534,michael1729,3964,24
534,Frenziess-,3964,227
534,lukepl56,3964,183
539,Ryuzyn,3963,215
539,pclarck,3963,69
539,OHKILLEMBOY77,3963,19
539,IHP-V,3963,55
539,XsreglarX,3963,26
544,Xx_KiD_KuSH34_xX,3962,23
544,juanetetux19,3962,227
544,EndorsedSword77,3962,20
544,VerOx_z,3962,425
548,LittL_Kid,3961,165
548,ForsakenEnergy,3961,121
548,Antispine,3961,364
551,PriscillaTheCB,3960,91
551,nL_Seraptic,3960,55
551,Lollipop_Keeper,3960,201
551,insuficientSauce,3960,58
555,OlimiSYR,3959,367
555,ElectricCowboi,3959,56
557,sonryaz,3958,750
558,SlayerrOfNoobs,3957,51
558,tweeety09,3957,119
558,SuitedMoney9693,3957,37
558,OoKiNG-DarkOo,3957,72
558,DarkMatriX921,3957,29
558,WALKING_DEAD108,3957,43
564,HITSTAN,3956,363
564,TheCrow456381,3956,104
566,anitalmid,3955,56
567,badlans,3954,255
567,Sanity_SkayL,3954,42
567,Hanged____man___,3954,140
570,ANIMOSITY_OW,3953,133
570,angelito1_,3953,187
570,Main_Down,3953,58
570,BadAimBadBrain,3953,141
574,ClashofComedy2,3952,154
574,r093r10p,3952,82
576,crackinskulls99,3951,316
576,Mattximum25,3951,122
576,c24301530,3951,431
579,imWantedo,3950,64
579,IrellevantTorb,3950,152
579,RawrRawrRave,3950,29
582,Luciifer80,3949,73
582,LulUnicorne,3949,72
582,Rosy-May,3949,20
585,MangoTheHoe,3948,168
585,Da_Rooster909,3948,52
585,shakadon09,3948,53
588,normohh,3947,75
588,DryBonesHax,3947,56
588,Mr_Ezvii,3947,40
588,Maplevee,3947,118
588,konstipoo,3947,128
588,ArabianPossum,3947,27
594,IMaBEAST1950,3946,50
594,GoonyOW,3946,27
596,ReViruss,3945,122
596,mtrobb,3945,58
598,ghiloi-22,3944,54
598,Squad_Shi,3944,136
600,moe11-_,3942,284
600,IMSQUATCH,3942,108
602,iJunya,3941,37
602,SNIPERGODFULL,3941,269
602,GodSkyy,3941,114
602,N-Boosted-N,3941,42
606,YT-PiggyMageKing,3940,150
606,GokuSaijayin5,3940,21
606,othmanxx_-,3940,68
609,MainlyMainMcCree,3939,23
609,Avereux,3939,244
609,yardyknow,3939,46
609,ha156md,3939,195
613,ELITEx_xGAMER,3938,152
613,hannahbellle,3938,124
615,Grannyana,3937,223
615,lGodLikE106,3937,19
615,Nautilus2K,3937,89
615,GiuIia,3937,174
619,Gianna_xoxo,3936,99
619,meedo__200,3936,203
621,ImChasinq,3935,120
621,torbjorn_ta1nt,3935,176
621,sammie7201,3935,77
624,DefineBabe,3934,16
624,H2Oo-_-,3934,97
626,ForsakenIdol,3933,59
626,canttouch611,3933,75
626,nicekun23,3933,217
626,Reaper101077,3933,126
626,GuttiGang2121,3933,307
631,RajeeshIsHere,3932,60
632,tutilegal,3931,60
632,KoalaInbound,3931,271
634,Unseen_Shadow202,3930,27
634,iam_milton,3930,276
636,PokemonYX_,3929,29
636,CherryBomb-u,3929,54
636,Doc1930,3929,75
636,UltimateCowLevel,3929,42
636,Xx_LeMeP0w3r_xX,3929,112
636,Mad_man004,3929,208
636,ThyDankestMemes,3929,159
643,Wolf_Acez,3928,108
644,GenguOP,3927,195
644,WhatsA_Smurf,3927,47
644,DOOMFISTisblack,3927,115
644,cr7-70q,3927,95
644,Andry17,3927,150
649,EasyFTW,3926,333
649,smileydude2004,3926,136
649,PikachuGregEX04,3926,61
649,DarkWolf266,3926,33
649,popwiill,3926,22
649,S_y_k_b_o,3926,95
655,Haterhots,3925,33
656,colosse755,3924,140
657,KAJO727,3923,35
657,X-_-WHIT3OUT-_-X,3923,130
657,AntG_98,3923,39
660,mikman21,3922,86
660,Mydelle,3922,72
660,Hoss-_-Alanche,3922,27
660,qDRAGON_SLAYERp,3922,255
660,SNK-Rewind,3922,185
665,justaprank1219,3921,105
665,Mike_Radio155,3921,332
665,Lictea,3921,37
665,BangBangyougaeyy,3921,217
665,titou2319,3921,388
665,HarmonyWidow,3921,56
671,Coolboss147,3920,242
671,NFused_Soul,3920,140
673,KapLRZ,3919,59
673,MeiMain,3919,26
673,JordanJ3026,3919,231
673,JRPerl,3919,597
673,OwNdByBoNG,3919,128
678,Mr_Optic_OG,3918,45
678,Call_Me_Daddy202,3918,130
678,Solunarz,3918,39
678,docoyatta,3918,46
678,orekhovsk,3918,246
678,Rocket-Man-765,3918,20
678,CaPSMURF,3918,266
685,DarkOfFire143,3917,15
685,MONSTALOL313,3917,95
685,T__rXk,3917,26
688,beliscute,3916,134
688,keevon2001,3916,90
688,hypersonicdog126,3916,117
691,iExPert_o0,3915,426
691,CosmicTiger35,3915,46
691,TERMINATOR110398,3915,22
691,TicTocSpree,3915,29
691,luiseca10,3915,157
691,thiv8,3915,30
691,Yuukie--,3915,81
691,Borderlander23,3915,39
699,batman2022tffgvc,3914,30
699,xSunShine02x,3914,264
699,Wackygonz,3914,24
702,Narwhal_OverDose,3913,89
702,Revoced,3913,45
702,Lady_Skylar,3913,29
705,exoFreqz,3912,61
705,GLUTTONYfma,3912,57
705,Jayzen-san,3912,27
705,jai-deep1234,3912,58
709,Sgt_JAB,3911,164
709,StickyIckyGirl,3911,41
711,ninjacaster,3910,47
711,younjjang,3910,52
711,SpyFoxy13,3910,58
711,celestial_dreams,3910,42
711,Porchofgesse,3910,67
711,Xx__DreaM__D_xX,3910,46
711,xIDisorder,3910,74
711,SandeR_0708__,3910,291
719,Pawgers,3909,183
719,Rem-Rems,3909,71
721,yummies-_-,3908,117
722,Strohhut_835,3907,53
722,RF13_E115,3907,128
722,AdrenalineJolt,3907,302
725,KyleMJP,3906,65
725,iGluttony_x,3906,52
725,OccasionalTries,3906,228
725,KaiDo_97,3906,80
729,SJtheMonster,3905,73
729,friggamahn,3905,75
729,Zacharben,3905,186
732,Cesaruix,3904,43
732,dox4567,3904,181
732,chocolatebunny67,3904,171
732,TheDolphin450,3904,83
732,GucciGuGu,3904,181
732,Kirahwi,3904,87
738,monkeyGlennx,3903,57
738,leus_leus,3903,25
738,RosyMoon-,3903,36
738,BAD_BOY_X0,3903,433
738,I_iR_U_L_3_R_x,3903,177
743,yodaaodat911,3902,226
743,Klarity_35,3902,18
743,IzKiitty,3902,54
743,Maxsib11,3902,195
747,ExecutiveCaik,3901,14
747,BooPuffy,3901,376
749,mew-95,3900,27
749,spero11,3900,116
749,WackyBrodyO,3900,34
749,HoJin-,3900,25
749,Xx_Mariohv_xX,3900,43
754,Eduard_009,3899,210
755,Germa669,3898,24
755,waredge14,3898,209
757,O_Shizzles,3897,88
757,monkeybox888,3897,246
757,IraqiEagleUsa,3897,406
757,TuckFrump2016,3897,24
761,cchean,3896,139
761,Illumanagui,3896,22
761,Zipunillo,3896,25
761,ACHILLES7899,3896,79
765,DOGEZBORK,3895,69
766,Daood-_-786,3894,39
766,goldenmods7,3894,372
766,culater01,3894,195
766,Sqxids,3894,119
766,flame_dragon133,3894,521
771,Maniatrix94,3893,79
771,boostedmercy-_-,3893,73
773,Gill_OW,3892,82
773,warfare347,3892,60
775,DavisCran,3890,39
775,Sinister_C00kie8,3890,49
775,Tantherr,3890,52
775,MalackiteOW,3890,478
779,QuadShot,3889,90
779,Samqdu,3889,24
779,SamOramaLama,3889,172
779,DonSkoomZ,3889,606
783,AHouseOfBalloons,3888,72
784,Audio_Medicc,3887,14
784,barory,3887,75
784,Akarichy-,3887,57
784,Tom1315123,3887,21
784,zExoduus,3887,253
789,Flex_Torb,3886,55
789,Warn_TV,3886,124
789,xKyOloPaRto,3886,115
789,MAGiC-TARGET3,3886,403
789,Ecfurus,3886,50
794,queen_baenana,3885,34
794,ThezlFreeze,3885,84
796,Bush_Knock,3884,54
796,tdt73w2r66w1atw,3884,109
798,Waseem694,3883,91
798,BLACK_MASK_9600,3883,22
798,ISIS_OW,3883,21
801,The_GanjEh_Man,3882,47
801,mgalleyCBNS,3882,74
803,Kiyoushii,3881,56
803,Calladine_Dragon,3881,70
803,IamTheCerealGod,3881,32
803,Sharkeaterx,3881,98
803,EnigmoFrog,3881,37
808,DarkskuII1,3880,48
808,KevinFromStatefm,3880,88
808,INutellaHD,3880,31
808,ThotSlayerTorby,3880,21
808,valentin775vhdm,3880,228
808,KromatiK_143,3880,199
814,A_n_d_r_e_w13579,3879,26
814,KethamixYeahhhhh,3879,117
814,lCqqz,3879,300
817,ObliqueMemoriez,3878,106
818,oDoomFistSmurf,3877,75
818,FaarisOW,3877,212
818,xKaoticDeath,3877,95
818,HLYM_,3877,83
822,YMotherRussia,3876,491
822,IMNOTLISTENINGg,3876,154
824,ItzPyroo-,3875,319
824,optic5808,3875,83
826,BmBModernized,3874,313
827,BubbleMercyy,3873,49
827,irispam76,3873,23
827,Z_Doomfist_Z,3873,49
827,Kirometoro,3873,178
827,aoidatenshi,3873,224
827,Cosmogory,3873,101
827,Cruzical,3873,265
834,zeiad481,3872,174
835,S-imon,3871,62
835,GetSchwifty,3871,193
837,Snilloo,3870,28
837,KMillsArt,3870,70
837,Your_daddy19,3870,64
837,XxaSsAsSiN23,3870,178
837,DavidWilsea,3870,123
842,KushCao23,3869,28
842,SylerozJumpeR,3869,29
842,FuZzii_ITA,3869,188
845,InuChrono,3868,60
845,benja20050301,3868,197
845,CrOsS_bOnEz_,3868,244
845,keoki403,3868,76
845,xXChi895ckenXx,3868,52
850,EnchantedRon,3867,168
850,GIZgamerPR69,3867,73
850,viiwy,3867,31
853,ThaWEEZYx,3866,50
853,X-XNeimadX-X,3866,55
855,AIM_-_BOB,3865,71
855,BenTeke3030,3865,263
857,Cro112521,3864,20
857,ESTAGOD-_-,3864,27
857,Koko_Destructor,3864,69
860,Bakuru93,3863,41
860,san_ale7,3863,308
860,KityPawPawNumNum,3863,30
860,Thefrodoc,3863,274
864,ThisIsKrowned,3862,49
864,AuronGontier,3862,104
864,BlooMayne,3862,38
867,lolo_2727,3861,263
867,Andyroomurphey,3861,27
867,Nosebleed_Time,3861,286
867,hamoodUAE20,3861,54
867,blood_of_mercy,3861,27
872,Its_zVixt,3860,72
873,TREYRATCHET2003,3859,90
873,nowadaysss,3859,177
875,tetreault003,3858,83
875,Moira_SmurfOnly,3858,103
875,Dash-reset_,3858,144
875,Natera-Achee47,3858,55
879,br_Killer_XD,3857,37
880,KyIoRens,3856,100
880,ArcticSUN2311,3856,47
880,fremanz,3856,30
880,NoobRydar,3856,175
880,Zakiloufoque,3856,134
880,EricM_123,3856,364
880,SniperDoggii,3856,310
880,Baestion,3856,27
888,ExQ_Nova,3855,66
888,BoomHeadKILL,3855,31
888,Rubenwrecker16,3855,179
888,JTBarilla,3855,142
888,R9-Devil,3855,51
893,xD_MassacreZ,3854,49
893,UberArchon,3854,124
893,tymek9112001,3854,121
896,xxARROW94xx,3853,14
896,louzen64260,3853,150
896,marganisourd,3853,206
896,lolidevilgirl,3853,119
896,superhacker26,3853,163
901,xLeegitt-,3852,180
901,Exiled_Prince,3852,114
903,IMA__SLAYER,3851,81
903,Hotblazer777,3851,47
903,xxLimePledge,3851,83
903,AnDyMaN0531,3851,97
907,VEDTX,3850,188
907,PharahPlays,3850,254
907,hellenaal,3850,78
907,FearTheLegend77,3850,65
911,UKzRoss,3849,155
911,thepowner123,3849,44
911,Amazing-Heatz,3849,54
911,Foxx-Two,3849,260
911,healsgudman,3849,109
911,TheNight345,3849,113
911,Nak2423,3849,25
911,YoshiRenYTBR,3849,160
919,KIDrBEST10,3848,36
919,Shikurikato-,3848,74
919,ikorusaki,3848,96
919,Tuwrtlez,3848,249
919,loux_curse2,3848,26
924,Barsoap887,3847,24
924,Broskie_nate,3847,33
924,Kingbottyfish,3847,264
927,Hamtaro1799,3846,80
927,hiphoptrendz,3846,145
927,lena4tom,3846,161
927,Mekowannabe,3846,330
927,BigYellowAlien,3846,191
932,sword-kline,3845,129
932,Pink_GlitterGlam,3845,23
932,Wmiaou,3845,110
932,xXKiddo_310Xx,3845,358
932,xItsNeon,3845,37
932,pokemon3013,3845,22
938,Nitresz,3844,197
938,HA1FxL1FE,3844,362
940,Crataeis,3843,279
940,Marfiastrikes,3843,128
940,MagicCowOfDeath,3843,146
940,RobTheVegan,3843,42
940,XenoBuddhist,3843,53
940,OutLaw_Immune,3843,41
946,zombiemassacre18,3842,180
946,grifisio9gamer,3842,30
946,Xx_TrashMouse_xX,3842,226
949,minifatruben7,3841,41
949,OCreepyO,3841,73
951,Gentracy27,3840,64
951,crazyman648,3840,95
951,Showtek12345,3840,115
951,samalamalam17,3840,69
951,septimussheep,3840,299
956,Monkeyfeces1414,3839,80
956,PAQUITOEVIL,3839,122
956,Wixlee,3839,89
956,Im_Wrir,3839,103
956,ripshelby,3839,426
961,SouthernDragons,3838,22
962,lnexorable-,3837,27
962,Emilionare100,3837,47
962,byabel887,3837,121
962,inDcent,3837,290
962,Tatiyx3,3837,171
962,pept-o-bismol,3837,17
962,Zombie23Assassin,3837,143
969,SB3_995,3836,14
969,mysticmeechy222,3836,65
969,macemagic,3836,48
969,Epic-Mangoz,3836,419
973,Maxs1buck,3835,100
973,PHANTOMSHOT97,3835,308
973,Qlympian,3835,303
973,givka43,3835,62
977,Genji_Pro_222,3834,28
977,Shadeling1313,3834,60
977,Zeus_Extreme007,3834,79
977,Blair_Salsa,3834,15
981,royalist_broski,3833,404
981,BlackShooterr555,3833,80
981,Shimada_Bros_69,3833,24
981,Smurf-Factory,3833,36
985,Coneminautore5,3832,71
985,Ryujeihong,3832,40
987,Jayteke,3831,30
987,ImToxicAndThrow,3831,56
989,iTheBlackDragon,3830,130
989,The_Chefs_Choice,3830,329
989,yaringimp,3830,27
992,Riney509,3829,47
992,Matthy112,3829,159
994,WarnTTV,3828,84
994,waterwizz,3828,87
994,iiCONAN-KWT,3828,154
994,lukeaberfoyle_,3828,25
994,KgalaxyGamer,3828,274
999,Furk4nh4ji,3827,83
999,ShivaShanti420,3827,314
999,Deaths_Avatar,3827,32
999,techey98,3827,182
999,ShivaShanti420,3827,314
999,anawesomefish,3827,20
1005,DarkAngelFlytox,3826,344
1005,pantofolakiller,3826,130
1005,LittleBigColm,3826,189
1005,ShadowEagle__48,3826,76
1005,Niksu_30,3826,141
1010,FishermanDill,3825,118
1010,Demonhunter719,3825,55
1010,NecRo-_Elo,3825,139
1010,J-_-Man-_-Swag,3825,130
1010,Splrnzy,3825,281
1010,da_big_pinto,3825,266
1010,cozart0131,3825,27
1017,packers107,3824,668
1017,MBKNASTY,3824,86
1017,ninjaweenie,3824,131
1017,PuIsjax,3824,55
1017,TheStrudel_,3824,23
1017,VoltzV2,3824,293
1017,Not_FANKDA,3824,218
1024,DeadlockDev,3823,19
1024,yeahBrock,3823,471
1024,Dr-M-Jrad,3823,206
1024,KillerGaz97,3823,154
1024,EOOQO,3823,35
1024,CoolG845,3823,103
1030,KMaC_25,3822,536
1031,Lybwen,3821,93
1031,M3Dksa33,3821,45
1031,Scumbag_Brad,3821,34
1034,vidroca,3820,46
1034,ToxicReaper4567,3820,137
1034,tomo09052001,3820,20
1034,TitansBane,3820,22
1034,Kekarino,3820,51
1034,Eskimo856,3820,31
1034,jusrmarfy,3820,56
1034,AfroLightning-N,3820,225
1034,lianpedrocarvalh,3820,172
1043,Little_Bill16,3819,441
1043,N-03-H,3819,100
1043,Sixam47,3819,82
1043,VoltaicityV2,3819,121
1043,TheMonchey,3819,239
1043,Ragnar1001,3819,124
1043,Desertwarrior0,3819,491
1050,Brian5524,3818,43
1050,Ryu_Pig,3818,134
1050,SlicKamui,3818,35
1050,zomb1e_sl4yer300,3818,107
1050,iAlpha-00,3818,91
1055,Tyraxis,3817,223
1055,DayDay_Rakim,3817,158
1055,OnlineSection,3817,70
1058,Kathiun,3816,206
1058,yoo_jean,3816,290
1058,ItsUrGirlNebula,3816,38
1058,frankiesantos75,3816,33
1062,IAmTheSpooderman,3815,657
1062,symmetra2066,3815,183
1062,l-Tyreece-l,3815,61
1062,Holosight_X,3815,41
1062,GrillWithSkill,3815,109
1067,Hibobo54,3814,201
1067,Mackiavelli1,3814,69
1067,jjaninan4,3814,106
1067,AboFaris_19,3814,32
1067,hossam_stark,3814,45
1072,ItsJazzyy-,3813,51
1072,Boske51,3813,77
1072,yoruxichi,3813,132
1075,jason_s_575-,3812,188
1075,Yosey2Waavy,3812,25
1075,deadbeast54,3812,500
1075,xXMuffinDUDEXx,3812,96
1075,ITOXICPLAYER3492,3812,266
1080,gwlucas1,3811,76
1080,JHRackett2,3811,104
1080,PAkSnack,3811,305
1080,MrSouffrant,3811,181
1080,Nightmare_Kanto,3811,125
1080,Hero_2531,3811,181
1086,AI3B-B3ED,3810,44
1086,PogchampDVA,3810,464
1086,lVl_swiZZy,3810,42
1089,Hmode37,3809,135
1089,Based_Lord67,3809,97
1089,SheLoveMyChoppa,3809,95
1089,Kamii_P,3809,33
1089,KoreanWife,3809,145
1089,Hisokuh,3809,70
1089,takruless,3809,40
1096,Protagoras960,3808,20
1096,FluffehHD,3808,195
1096,Beaver_Cleaners,3808,111
1099,xNot_Your_Type,3807,257
1099,KKalon,3807,43
1099,xNot_Your_Type,3807,257
1099,KKalon,3807,43
1099,Overpenetrated,3807,100
1104,Toonblox,3806,205
1104,Squallycard20259,3806,67
1104,jinerous,3806,62
1107,iHMD,3805,96
1107,Mr_Yarin010,3805,91
1107,restlessash,3805,49
1110,Kiddy_Gamer01,3804,38
1110,TwitchXIV,3804,204
1110,squidiuqs,3804,184
1110,Roeder3,3804,62
1114,Emurous,3803,207
1114,wisper23,3803,99
1114,AliceKojima,3803,183
1114,QPWarrior,3803,113
1114,ah_skiski_14,3803,314
1114,kaderyounes57,3803,30
1114,cesar4te,3803,39
1114,Hellixz,3803,109
1122,IITigerMaDx,3802,18
1122,sayderloff123,3802,64
1122,Aqstin,3802,32
1122,Cazzaskam,3802,52
1122,WhosDaily,3802,40
1127,agnt_green,3801,38
1127,BlackNitrous1,3801,48
1129,boot_in_mud,3800,74
1129,Roadhog_Turret,3800,124
1129,killer_k765,3800,288
1129,FallenSalvations,3800,47
1129,i_fahod,3800,150
1134,DevillManCryBaby,3799,184
1134,EDargun,3799,83
1134,Pa-i-n-,3799,229
1134,ghostdashh,3799,166
1134,Jeff_Platlan,3799,71
1134,merinodelgado,3799,244
1134,Ale-Alejandrox,3799,114
1141,Xp7Xp,3798,90
1141,e-MISTAKES,3798,22
1141,Occhiolist,3798,24
1144,llTupacll123,3797,87
1144,DDY2002,3797,64
1146,xtrickharder_esp,3796,336
1146,WilyRav,3796,117
1148,slicvic1993,3795,120
1148,tkdPhysicist,3795,57
1148,DareDevil146,3795,15
1151,killedbyacid02,3794,77
1151,Rodiiizx,3794,154
1151,HpInstaller,3794,44
1154,akachikis,3793,167
1154,snipe_the_swag13,3793,147
1154,proto_1,3793,38
1154,Hershal64,3793,41
1154,MarkCBNS,3793,134
1154,amberchicken50,3793,52
1154,hnodi1234,3793,169
1154,RAHMANNINJA,3793,230
1162,GlassFalcon,3792,32
1162,So_You-Is-A-Rass,3792,24
1162,Adrian140404,3792,32
1165,xGRVNNYxTSUNVDEx,3791,136
1165,natejackson811,3791,37
1165,noop-smurf,3791,239
1165,Badb0y_0210,3791,94
1169,Naotora_HanaBFK,3790,18
1169,poovoo,3790,566
1169,Wilfrage,3790,71
1172,iiTz-7moOod,3789,31
1172,MidshipCookie2,3789,105
1172,KingTukr,3789,17
1175,turtle279,3788,93
1175,MrCocoDynoBytes,3788,266
1175,Carltoncation,3788,124
1175,pinkllamaplaz,3788,19
1175,Ztaxu,3788,109
1175,Astricks01,3788,57
1175,MISS-B9LH,3788,101
1175,UncleBadTouch34,3788,93
1175,WashedUpSym,3788,16
1175,ahh_reumm,3788,220
1185,XKIRAX826,3787,23
1185,BuckBuck720,3787,461
1185,saxels15,3787,19
1185,JarneOW,3787,38
1189,beardedisland,3786,69
1189,HSarc-_-,3786,29
1189,Thxmas127,3786,20
1189,IAnDRyZz,3786,33
1193,Sepsid,3785,79
1193,HesMKB,3785,132
1193,Oh-Tantrums,3785,140
1196,Intrinsic-Design,3784,24
1196,Mystogan137,3784,309
1196,richard0981422,3784,467
1196,Juansu97,3784,233
1196,Rewind_XScopesX,3784,221
1196,Mystogan137,3784,309
1202,Alkaidd,3783,136
1202,msptally,3783,324
1202,Depraved-x,3783,26
1202,Luckie_BR,3783,101
1202,red_angel03,3783,48
1202,PlaySoso02,3783,231
1202,Xx_Omega_1_xX-,3783,121
1209,Doreetoes,3782,73
1210,JEFEnarutim,3781,16
1210,badings,3781,102
1210,airblade5,3781,270
1210,Jeff87356,3781,103
1210,Hitasumi-,3781,111
1210,lubranovic,3781,29
1210,Mel_TheWork,3781,106
1210,h8moshofficial,3781,148
1218,BigTimeGamer0027,3780,315
1218,Pegasus_11X,3780,67
1218,QS_Cactus,3780,29
1218,SackbotEthan,3780,57
1218,doglover360,3780,55
1223,SyberDrones,3779,40
1223,cjwait,3779,37
1223,video_games567,3779,30
1226,skullbasher015,3778,224
1226,SleepTight88BLN,3778,138
1226,xsodadx,3778,57
1226,EverLopez98,3778,120
1226,Gamer645pro123,3778,58
1231,M_O_H_N_A_D_H_D,3777,398
1231,WackyWinchester,3777,82
1231,Ghost-Of-Arab,3777,117
1231,RL-Khaled,3777,20
1231,Star8kill3r115,3777,193
1236,Jai_Royalty,3776,21
1236,qtShoo,3776,526
1236,Calveryy,3776,97
1236,Clouded2K,3776,170
1240,gamefreak_215,3775,63
1240,a_penguin2319,3775,277
1240,radec31,3775,226
1240,GEORGE-1124,3775,74
1240,vShank-x,3775,263
1245,RRoseSSniper,3774,25
1245,komaleon07,3774,293
1245,NoHanzoPleaseThx,3774,20
1245,die3kraus,3774,221
1245,Whowantwhatwidi,3774,57
1245,Noam_Chomsky46,3774,72
1251,Zenyatteli-_-,3773,309
1251,otosnitram,3773,227
1251,BeastlyPlays,3773,21
1251,MistahPrestige,3773,145
1251,BarnacleBoy821,3773,93
1251,mvjeeed,3773,172
1251,Fabio_Bennet,3773,22
1251,GaaraSabakuno99,3773,22
1251,enemyAC130_above,3773,285
1260,MRowshan_01,3772,109
1260,apetrally,3772,48
1262,Toxic_Joker179,3771,83
1262,Weeenston,3771,43
1264,TheMechanist2277,3770,34
1264,abu_abdulah99,3770,36
1264,unfunnn,3770,114
1264,mozbaby,3770,15
1264,pvpkillerpie,3770,148
1264,xBUVERTx_25,3770,66
1270,CobaltF4,3769,317
1270,rezn0158,3769,71
1270,beccr,3769,167
1270,Slushuu,3769,71
1270,sultansahoud2001,3769,212
1270,Beast_Tactiks,3769,58
1270,Minotourr,3769,23
1270,eileen-jellybean,3769,117
1278,K1Ki_M1nAj,3768,19
1278,Benza12792,3768,62
1278,nxxhlx,3768,58
1278,ThyRisK,3768,98
1278,HeroesNeverDie42,3768,31
1278,I3arlos,3768,107
1278,Keyboard_Loli,3768,146
1278,XxBudget_Wraxu,3768,79
1286,Doghearted99,3767,159
1286,Cap7SOON,3767,501
1286,sophiedion66,3767,156
1286,KCvet02,3767,19
1286,AirAlmond40,3767,27
1291,Vimnem,3766,62
1291,dubman690,3766,151
1291,SonOfGuns12,3766,179
1291,dragon_crests4-2,3766,50
1291,DeAtH_GaMEr18,3766,145
1291,Dpaikk,3766,73
1291,Jorisvvv,3766,34
1291,Bmongsamong,3766,133
1291,Franciscoo-,3766,92
1300,Asian_cow_FTW,3765,31
1300,Asian_cow_FTW,3765,31
1300,NarcolepticWolf,3765,43
1300,Tonio_Cruz,3765,127
1300,ShiftyMcTwist,3765,144
1300,bloOd_killa12347,3765,289
1300,austymatt_94,3765,127
1300,ESPARTANO__157,3765,150
1300,TrinityAkia,3765,76
1300,scottnoodle658,3765,33
1300,CALVINI6,3765,68
1311,imcrawlyn69,3764,242
1311,jonny323g5577,3764,42
1311,JohannSevass74,3764,21
1311,teniko91,3764,49
1315,Prince_OW,3763,194
1315,xX_RiT_aBoodi_Xx,3763,265
1315,Onlydoomfistlol,3763,32
1315,BoostingGirls,3763,111
1315,Ard9802,3763,121
1320,KiNGARON7,3762,25
1320,KalashniikoV_PT,3762,65
1320,Astrick__Skyy,3762,218
1323,Uptightlime5,3761,57
1323,dodii331,3761,86
1323,audithehottie,3761,54
1323,sidjuniour27994,3761,28
1323,and77sam,3761,263
1323,JTBEASTY8890,3761,143
1329,genjomadamada,3760,43
1329,amurner20,3760,92
1329,DARKVoIT,3760,140
1329,Don-tCryBaby,3760,58
1329,Angry_Keldeo,3760,56
1334,IEnraveI,3759,86
1334,Zynshine,3759,191
1334,Meowira,3759,182
1334,Lycranikus89,3759,79
1334,itchyrashes12,3759,95
1339,ClutchGamer_94,3758,58
1339,Kegeoji,3758,58
1339,mastahjumpah,3758,124
1339,SuperStoner187,3758,29
1339,EyesOnReaper,3758,59
1344,codgamer2469,3757,63
1345,AlphaLog_1,3756,234
1345,PinkBxnny,3756,36
1345,TH3FVLLENON3,3756,203
1345,Condemned_Crysis,3756,177
1345,tenzelinkz2,3756,321
1345,RySu_tv,3756,435
1345,mertkazim,3756,18
1345,MariSuma,3756,289
1353,MrGuppy67,3755,198
1353,MalTheLucario,3755,56
1353,NachozMan03,3755,170
1353,imparadoxx,3755,103
1353,sy40902,3755,66
1353,KameGenji,3755,34
1359,xMICK3Y_MOUSE13,3754,193
1359,chridy64,3754,20
1359,rocboomboom,3754,49
1362,I-Reloads-I,3753,30
1362,allardovich,3753,228
1362,LakeOfDucks,3753,161
1362,WNDRDisplay,3753,55
1362,Raza-_-Baza-_-01,3753,46
1362,Raptoorius,3753,31
1362,ThatSavagePanda0,3753,266
1362,Claire_lRedfield,3753,485
1370,james_aka_Bull,3752,152
1370,SherBear_21,3752,95
1370,Dirty_Dan123,3752,38
1373,gabewise02,3751,359
1373,BerniMedi,3751,94
1373,Lindblood,3751,144
1373,SerranoJ-,3751,455
1373,ScarlettEK,3751,153
1373,AeRo_Sage,3751,112
1379,davorox1234,3750,155
1379,DreamOfMyMemes,3750,83
1379,TheLastTrojan_4,3750,126
1379,Zlayer1353,3750,65
1379,omgcassie,3750,160
1379,SIMEONTODOROV,3750,64
1385,pablo2977,3749,164
1385,pam515,3749,50
1385,J-Bird31,3749,17
1385,JaWaPa,3749,289
1385,abyngo,3749,94
1390,Beastmode0522200,3748,280
1390,water-robot,3748,53
1390,gotmedying709,3748,165
1390,Zexri,3748,41
1394,Budget_Meme,3747,174
1394,TISxDope,3747,521
1394,AKiwuvsalad,3747,35
1394,Lazureth,3747,156
1394,WRVRW,3747,24
1394,princess_in_blue,3747,56
1394,Avelliaa,3747,65
1394,Genjeezus,3747,41
1394,xlaber,3747,228
1403,hetrl-x,3746,45
1403,toxicwaste509,3746,118
1405,Viiolettes,3745,54
1405,oPeTk,3745,409
1405,TrashPlayer1414,3745,88
1408,Debrrouillard,3744,52
1408,iifaris02,3744,221
1408,XDriftdragsterX,3744,513
1411,ExZiiTx,3743,32
1411,ironaids_real,3743,108
1411,Xlivq,3743,73
1411,elix_22_ceb,3743,54
1411,Squester-_-,3743,65
1411,ExV_MaGicK,3743,349
1411,Mathis347,3743,261
1411,YoungSpark27,3743,48
1419,goffredus98,3742,201
1419,MW2_2001,3742,174
1419,jtm595,3742,180
1419,AnxietyMP3,3742,48
1423,rikou109,3741,151
1423,ixNumb,3741,32
1423,unitedstateso106,3741,42
1426,RadikaleBirne,3740,196
1426,Shockade_Rage,3740,141
1426,pokewixx,3740,76
1426,assketchem,3740,116
1426,LVsJustice,3740,264
1426,dubleyou8k2,3740,198
1432,LGuess_WhoL,3739,72
1432,SM_Tapiaas,3739,114
1432,midgetmat96,3739,46
1432,Toblersum,3739,63
1432,Kdxxg,3739,116
1437,zaiikuma,3738,23
1437,Gr_mble,3738,101
1439,MR_FRESCH_,3737,108
1439,nyarfs,3737,245
1439,EhhFreezy,3737,24
1439,xMunicho,3737,41
1439,Crocodile-br,3737,17
1439,Sniper-Penguin55,3737,320
1439,SeobabyGoguma,3737,168
1439,TTVbtw_lilpapira,3737,125
1439,Meimain17,3737,25
1448,daniel5899,3736,131
1448,thescheme420,3736,265
1448,Cassina-6220,3736,17
1448,Mikeybratzo,3736,98
1452,UncleChino661,3735,26
1452,RaedHCG,3735,83
1452,Steads6,3735,43
1452,F4shScOP,3735,232
1452,WiseFighter01,3735,94
1457,zFonty,3734,235
1457,Creeper982,3734,117
1457,kranos666_666,3734,44
1457,Osokin3nmg,3734,313
1461,somyeol-_-,3733,67
1461,ELxREYxPR,3733,143
1461,oKrispy-,3733,57
1464,Yukithefox,3732,133
1464,Aceventrica,3732,91
1464,baslokia77,3732,12
1467,No_ThoughtHD,3731,130
1468,AsheyKnees,3730,74
1468,Vennom_Rampage,3730,536
1468,LONGMANNEO,3730,21
1468,JuniorPakas,3730,232
1472,xXBeastElementxX,3729,114
1472,XTXSHADOW,3729,67
1472,il_King_M_li,3729,156
1472,Juanfra_XP,3729,15
1472,DCJDL78,3729,63
1472,Abeyancess,3729,114
1478,NAWAFx3zZzZ,3728,118
1478,O_C_T_X,3728,45
1478,AlexDunphy_,3728,321
1481,Screech-99,3727,121
1481,LoCoBoY503,3727,22
1481,OxY_RaiZz,3727,26
1484,mercyhardt,3726,511
1484,FPS_Killer_2,3726,42
1484,Jneeds21,3726,225
1484,DeathWing_77,3726,316
1484,Poyo-R9,3726,38
1484,DeputyKitsune,3726,27
1484,nathan_352,3726,110
1484,Flower_Boy-_-,3726,102
1492,TOPDOG-POPS-YOU,3725,410
1492,mdmly121,3725,18
1492,Xx_Gandude33_xX,3725,45
1492,RaphaelZ05,3725,59
1492,iRnguyener,3725,198
1492,Tate0012,3725,37
1492,Reztuvion,3725,257
1499,nikemonster987,3724,30
1499,JimangiEmperor,3724,68
1499,ShroomyShuckle36,3724,90
1499,Winston-_-I,3724,185
1499,Binonator,3724,153
1499,JimangiEmperor,3724,68
1499,senorsashimi,3724,46
1499,Wiintxr--,3724,162
1499,Krampus702,3724,33
1499,Faucon-Mille,3724,79
1509,jowitosol,3723,110
1509,TehKevo,3723,46
1509,TheChoosenTwice,3723,24
1509,VE_MI_LO,3723,22
1509,DigitalPandaa,3723,290
1509,HalfwayNova,3723,22
1509,DeathSeeker179,3723,58
1516,AJHackr,3722,186
1516,swagadon6969,3722,102
1516,MrPoNyGuY,3722,115
1516,Risky__Jr,3722,59
1516,PineAppleManMan,3722,84
1516,manwolf5000,3722,434
1522,ShikariStampede,3721,28
1522,jaaalissa,3721,266
1522,jacoobi_lemmon,3721,119
1522,HAPPYFEETisthe1,3721,90
1522,Elvemagepkz,3721,274
1527,TxiiZ1,3720,303
1527,FLAMING_EGGROLE,3720,84
1527,Smitten_Kittens_,3720,279
1527,dykeless,3720,137
1527,Prodigyibc775,3720,45
1527,Xeno-int,3720,201
1527,Fahadjb,3720,174
1527,dntdrpthtdundun,3720,26
1527,Im_Daddy_Lucio,3720,162
1527,NeSchkOo,3720,46
1527,sucukboy2000,3720,251
1527,im_Lag_,3720,75
1539,CLBGhost,3719,31
1539,Smack-Princezito,3719,120
1539,Yoomply,3719,171
1539,the_killerclown,3719,30
1539,I_carry_4nudez,3719,161
1539,D3_aarz,3719,72
1545,bbto211,3718,30
1545,Electricviperv3,3718,33
1545,DanielsDay,3718,21
1545,KoolioAL23,3718,23
1545,roby_5quad,3718,133
1550,VexPaladin,3717,33
1551,xHmoud,3716,102
1551,AcMeLeTHaLz,3716,126
1551,SkizGravity,3716,422
1551,kookaburrapro,3716,33
1551,Okonomiyakistaff,3716,53
1556,Everardo_801,3715,402
1556,M7MD-RAGAL,3715,72
1556,Noe2423,3715,70
1556,Lambster53674,3715,194
1556,TakedaDragon,3715,31
1556,CodPro1245,3715,44
1556,Kayuun2k,3715,141
1556,Kirsi9454,3715,45
1556,MissCatHands,3715,190
1556,KORZ-P,3715,44
1556,AnimeWar-,3715,32
1567,LaHunted,3714,63
1567,LeeLamb47,3714,18
1567,xSz_Aguero_10,3714,27
1570,XadTV,3713,53
1570,bandgeek0912,3713,131
1570,mig130301,3713,58
1570,KephriiWannaBe,3713,47
1570,RyantheCreative,3713,383
1570,MatteoXPro,3713,40
1570,Lusifir,3713,23
1570,JHLCroft,3713,77
1570,lock5899,3713,283
1579,KING-wei,3712,28
1579,drinktears-,3712,294
1579,zombiekill56,3712,363
1579,TwoVelocity,3712,19
1579,ShinxIcarus,3712,158
1584,pHySiCaL-_-MoDs,3711,58
1584,GameLoverSVK,3711,39
1584,ok_natalieee,3711,32
1584,gkorell,3711,30
1584,Soltan4000,3711,38
1584,chaset1524,3711,288
1584,Its_Seagull,3711,39
1591,Mama_Mercy,3710,305
1591,Laytila,3710,35
1591,JERRY_X008,3710,121
1591,LookImAss,3710,301
1591,Vrywo_o,3710,505
1591,gtrf78889,3710,314
1591,Ury_123,3710,150
1591,Pixshel,3710,83
1591,lakoumisterm,3710,49
1600,wow_pow1,3709,89
1600,JoCo_Play,3709,27
1600,PlzSwitchBro,3709,22
1600,U_maD_brooooo420,3709,35
1600,aziz_sdn,3709,16
1600,iByPower,3709,60
1600,FoudraFR,3709,69
1607,Veyakozaurio,3708,20
1607,faris_________1_,3708,83
1607,NotSwitch1ng,3708,322
1607,ShpingusOwns,3708,29
1607,OhMaGawdChipotle,3708,130
1607,xSighxE,3708,15
1607,MorbidlyThicc,3708,31
1614,EurukCrowsEye,3707,114
1614,STONYHEART-29,3707,125
1614,alvaro911,3707,25
1617,pujols01231,3706,44
1617,jean-thug-2015,3706,123
1617,NaturesEyes,3706,236
1617,daddysprite,3706,144
1621,JellySpleens,3705,105
1621,J_BEAST_007,3705,276
1621,aves242,3705,35
1621,I_Can_Be_Nice,3705,80
1621,zaya0114,3705,30
1621,CryingLoneWolf,3705,66
1621,Escalastion,3705,103
1628,PhoenixSlayer935,3704,24
1628,xxEvilSkull11xx,3704,225
1628,I_Ruler_of_Games,3704,282
1628,No_Sleep3,3704,30
1628,McXeno,3704,142
1633,SirMile,3703,108
1633,ravensfan21784,3703,54
1633,sirr_24,3703,42
1633,TragicPvp_YT,3703,62
1633,Cleverdeahn,3703,25
1633,Noa-Zitu,3703,120
1633,Salem-uwu,3703,46
1633,kenziecahill,3703,60
1633,Vicluma,3703,245
1633,gamerjackiechan2,3703,28
1643,Bean_QQ,3702,138
1643,DAICON2003,3702,41
1643,ITZZZxTRU3,3702,21
1643,Remy_OW,3702,87
1647,Idonttalkshh,3701,58
1647,OneUnhappyTedy,3701,58
1647,Ransbury,3701,103
1647,Four_Da_Kids,3701,64
1647,Dovicos,3701,54
1652,IKILLSTAR,3700,205
1652,saleh9500,3700,89
1652,OPminecraft2004,3700,121
1652,iPlayWidowALOT,3700,32
1652,filippocianci002,3700,310
1657,Naardd,3699,76
1657,bouts33,3699,41
1657,msrhGoBlue,3699,35
1657,Xx_LLCOOL_xX,3699,81
1661,BowDiddy,3698,362
1661,meepmeep03,3698,50
1661,YouTuberFAN_,3698,32
1661,hulkhogan511,3698,198
1665,ziggstern7,3697,88
1665,SupaSekc,3697,133
1665,Flying__Burrito_,3697,105
1665,TOP-500-WIDOW,3697,157
1669,Minorzelf,3696,37
1669,Drakengard32,3696,87
1669,Ian21Calhoun,3696,26
1669,Half--Chub,3696,183
1673,mP_Phenom,3695,17
1673,Joblesscloth463,3695,71
1673,playforcarry,3695,37
1673,hitwomannj,3695,112
1673,Razor1O1x,3695,143
1673,Dead_Ripper_329,3695,43
1673,PredatorrXV,3695,63
1680,Ismail_H_786,3694,298
1680,t123435,3694,23
1680,GenoKILLER-GHOST,3694,361
1680,ThatOneShyGuy190,3694,136
1680,devinlee12,3694,229
1685,Doony_C7,3693,24
1685,ANCILLARYPLAYER,3693,13
1685,Otakuroi,3693,57
1685,Xxz3abi,3693,95
1685,z_Henr,3693,120
1685,Incoming_Memes,3693,51
1691,Culix-x,3692,85
1691,Just_a_kid_2005,3692,70
1691,Porteri-_-iWolf,3692,176
1691,firedragonbish,3692,28
1691,Beast56200,3692,305
1691,Mr_Awesomo00,3692,49
1691,AJH112,3692,14
1691,WhiteRangerOwnz,3692,293
1699,Bonboy220,3691,216
1699,A_MillionRoses,3691,73
1699,iDrAZ_,3691,103
1699,A_MillionRoses,3691,73
1699,vfries-,3691,29
1699,iiUphill,3691,62
1705,CaptainCentralA,3690,42
1705,TruthfullyCool,3690,77
1705,Peengobl1n,3690,54
1705,Hugo6Bulle,3690,72
1709,STONEYYBALONEYY,3689,61
1709,hshii,3689,60
1709,Ki1ro301,3689,61
1709,burgerflippr420,3689,26
1709,UnexpectedK,3689,20
1714,xRhys234,3688,46
1714,Comportement78,3688,120
1714,meepmeep17,3688,38
1717,NUOOF_66,3687,24
1717,BrooklynPlayer1,3687,195
1717,TerryHakase,3687,289
1717,AddyPopper,3687,50
1717,The-KillerShark,3687,388
1722,RENADs3,3686,22
1722,xxFightAwayxx,3686,37
1722,JonnyTheJet13,3686,26
1722,MnM_Man,3686,76
1722,Distill-_-,3686,96
1727,iVaderr,3685,425
1727,TristanGaming923,3685,19
1727,ImmortalLasagne,3685,123
1727,nordmenn2511,3685,70
1727,GTAlex19,3685,55
1732,Albacerrada,3684,78
1732,PapaBoostio,3684,111
1732,mazterlalalman,3684,48
1735,WRA_LASTSTANDING,3683,136
1735,GhoulGod101,3683,75
1735,dark-blade345,3683,44
1735,captain1delta,3683,138
1735,Danzuer_,3683,349
1735,IO_JEV,3683,46
1735,PetJay98,3683,28
1735,quackduck402,3683,77
1743,PeliYester,3682,151
1743,l_TheDictat0r_l,3682,31
1743,itsJowe03,3682,22
1743,OneWingedDevil7,3682,35
1743,Hosenpheffer,3682,26
1743,jwesterg1,3682,195
1743,SoccerMEH5,3682,181
1743,baandroide,3682,110
1751,BrigittesGay,3681,58
1751,Inmortal_935,3681,198
1751,phantomkil64,3681,15
1751,berryjay2,3681,43
1751,A_SimpleSmurf,3681,33
1751,Darrzx,3681,167
1757,KyKi123,3680,124
1757,PLTNM_HD,3680,67
1757,CoChiNoo415,3680,218
1757,Phelonyyy,3680,115
1757,BLAKE_RD,3680,142
1757,viktatorio600,3680,133
1763,xAcrophobia,3679,93
1763,xGameBrox,3679,29
1763,Happybasket1,3679,191
1763,iron0highd,3679,19
1763,MrRavaz101,3679,151
1768,Chavez_357,3678,386
1768,hanna_is_blonde,3678,111
1768,julianwidjaja01,3678,58
1768,stormnazy,3678,62
1768,S-42799,3678,28
1768,HeyItsNali,3678,10
1774,Dan_the_man36,3677,330
1774,mmialewis,3677,245
1774,RobynneChick,3677,125
1774,PiNKTurtlez,3677,19
1774,Void_Harambe,3677,38
1774,bigbootyheubert,3677,96
1774,beastoutOV,3677,105
1781,SLxKingCT,3676,307
1781,bigly96,3676,25
1781,TheGhada,3676,36
1781,jlaff0308,3676,24
1781,vanillamochi,3676,44
1786,XOXOOXOX99,3675,19
1786,The_3rdKid_Icon,3675,34
1786,xWam_,3675,84
1786,Cool22639,3675,101
1786,DatAssJaquan,3675,112
1791,z_smirtin,3674,101
1791,Its_TheOtherGuy,3674,32
1791,MrPeacockGymlad,3674,16
1794,talkingdead11,3673,31
1794,akaStarbucks,3673,34
1794,BLACK_WOLF_0505,3673,94
1794,Noobtracertbh,3673,85
1798,battylittleste2,3672,180
1798,WidowIsMyWaifu,3672,27
1798,nadiateresa,3672,58
1798,YaBoyTKO,3672,215
1798,nadiateresa,3672,58
1798,battylittleste2,3672,180
1804,SmafflesNWaffles,3671,57
1804,GunBlood222,3671,117
1804,NooBZ_WarMacHinE,3671,32
1804,iWubbzies,3671,38
1804,mattycron3,3671,50
1809,MsBrazilll,3670,159
1809,StrikerK34,3670,31
1809,itzTerzy,3670,70
1809,DaLeXiS--,3670,343
1809,I3raiNfreezE,3670,231
1809,O-star2005,3670,128
1809,dleh10,3670,387
1816,gagegage11,3669,116
1816,Repzo-,3669,73
1816,Bumper_Jr,3669,46
1816,melodiaz19,3669,143
1820,ifeedmiix,3668,39
1821,rob34,3667,59
1821,VDx101st,3667,85
1821,gisaninz,3667,65
1821,KingSwerve-,3667,114
1821,smolo1988_PL,3667,86
1821,gpinitaly,3667,48
1827,ripdoomfist,3666,87
1827,lPaiiNxA,3666,104
1827,NACHO_CAMACHO-_-,3666,138
1827,HomeMadeWaffIes,3666,17
1827,Sniper231203,3666,112
1832,Summerpinkk2099,3665,28
1832,xScHiFv1,3665,144
1832,GrimJow316,3665,81
1832,J1m1nyCricket,3665,228
1832,TheBolognaBagel,3665,46
1832,A7mad_alfailkawy,3665,83
1832,King_Slayer_Kian,3665,68
1839,goodwillpolos,3664,24
1839,MonkeyMason75,3664,31
1839,rahamkz,3664,74
1839,FloopthePiggy,3664,28
1839,XpikachuuaX,3664,41
1839,amer_op,3664,356
1845,ZARYABUTTFCkme,3663,86
1845,BrofessorGenji,3663,56
1845,cutegirl21xD,3663,163
1845,yotam_levit,3663,173
1845,Hanzoplz,3663,34
1845,This-Is-Heather,3663,309
1851,goofytooth123,3662,64
1851,wasdor66,3662,80
1851,ataken098,3662,110
1851,xPqst,3662,126
1851,AwesomeWinter,3662,144
1856,DeadassVro,3661,62
1856,WHORU_1,3661,51
1856,DanTheMann321,3661,150
1856,C-A-R-P-E,3661,454
1860,Xx_Bot_69_Xx,3660,22
1860,aidengaming23998,3660,35
1860,FatalDeath15,3660,109
1860,VebHeg,3660,67
1860,MikeyyAC,3660,30
1860,Darkki00,3660,17
1860,DomSaves,3660,46
1860,jackjo115,3660,225
1868,FlamingZeus,3659,22
1868,Fonzie3664,3659,22
1868,Kaiyunn_,3659,63
1868,CatPratt,3659,24
1868,Sklape,3659,143
1868,da072ni,3659,35
1874,Jonaal,3658,31
1874,FlankHog-,3658,32
1874,staple20,3658,23
1874,HealedPhoenix,3658,85
1874,Anothergengimain,3658,63
1874,xMindlessQueenx,3658,33
1874,Dillen_J,3658,39
1881,dooms_day1351,3657,16
1881,KarmaSnow,3657,37
1881,kazu808run,3657,63
1881,thee-viper,3657,99
1881,ChrisUbs03,3657,239
1881,cBWM,3657,454
1881,le-ribery,3657,46
1881,DigitalXShadowX,3657,294
1889,buunnaayy,3656,184
1889,tdummy11,3656,30
1889,ooopppiii,3656,67
1889,DaYzIsHere,3656,121
1889,Sombrero_Online,3656,75
1889,Lucihoe,3656,22
1895,MrDrStrangled,3655,152
1895,Ardem_99,3655,718
1895,BeastKiller_154,3655,27
1895,JOSH_DE_LEGEND,3655,57
1895,Really_I_Lose,3655,156
1895,LIGERO_XD,3655,47
1895,MrDrStrangled,3655,152
1895,Really_I_Lose,3655,156
1895,SaVaGe-FaCtOr,3655,258
1904,xVICIOUS-KILLAx,3654,84
1904,Brimstone_Kira,3654,97
1904,ClimaxingCobra,3654,392
1904,Jadeonii,3654,302
1904,Niksi_,3654,75
1904,almatrooshiii_,3654,188
1904,MamaZocky,3654,228
1904,Stefan__G1,3654,88
1904,ThePandaPrince,3654,16
1913,oKawaiiKoi,3653,33
1913,warherox9,3653,95
1915,WXWWXWXWWXWXWWXW,3652,68
1915,soccerkid0014,3652,85
1915,SHOWTIME__03Xx,3652,166
1915,G-Force16202,3652,334
1915,DkmJosh,3652,311
1915,TheGoonDragon666,3652,436
1915,PoisonGirl258,3652,94
1922,gagago92,3651,13
1922,chowdhury_59,3651,256
1922,MysTiic_C0mBaT,3651,68
1922,Danfc343,3651,136
1922,showtime_bailey,3651,292
1927,megaed94,3650,96
1927,dentalFl0zz,3650,96
1927,Leo_the_Lion25,3650,146
1927,MONSTERQ8533,3650,113
1927,lHugoUchiha,3650,63
1932,A-Boss-Nightmare,3649,32
1932,remi-31_07,3649,187
1932,Musinator,3649,63
1932,TheWhiteChisiki,3649,29
1932,Matrak78,3649,136
1932,Sheds-,3649,450
1932,brunumurder1911,3649,94
1932,FishBangDingoDew,3649,171
1940,Cozmic385,3648,103
1940,BlakkyOW_,3648,67
1940,HarriBandicoot03,3648,30
1940,Gr00tan,3648,129
1940,Aziz-KUWAIT10,3648,44
1940,honnndd,3648,128
1940,machita_1,3648,210
1947,Tsitsi13,3647,23
1947,Vexify_Zephyr,3647,156
1947,EmilMedEt,3647,36
1947,EzDude_,3647,129
1947,ZeddBR,3647,14
1947,Symbra_Kane,3647,102
1953,emf730,3646,171
1953,Cream_vertex,3646,20
1953,Jleppamaki,3646,34
1953,oFsool-kun,3646,114
1953,SYG_Anarchyy,3646,99
1953,kevinbui1312,3646,86
1953,freeman235,3646,408
1953,koradjess58,3646,30
1961,Idealist17,3645,76
1961,thebulbalord227,3645,100
1963,pantherviking786,3644,116
1963,sombraxDoomfist,3644,29
1963,Thunderland1,3644,157
1963,FahadGamer22,3644,266
1963,xXMaNiiaK-93Xx,3644,552
1963,randy_787911,3644,98
1963,MikeytheWerst,3644,90
1963,Paledo14,3644,254
1963,SadBoiHere,3644,172
1972,DeFy_ZeSy,3643,126
1972,high_rollin_905,3643,43
1972,jazak12,3643,121
1972,SHADOW-_-YouTube,3643,111
1972,ElieQ007,3643,39
1972,chocoltemelk,3643,86
1978,Cybernetich0td0g,3642,64
1978,Da_BaD_Ass_GaMeR,3642,102
1978,Cherry-bomb599,3642,157
1978,blair_da_boss,3642,163
1978,Tiny_Olga,3642,137
1978,LaoAleck,3642,82
1978,Albert_comb,3642,82
1978,ApollosPower,3642,127
1986,SombraDoge,3641,44
1986,KaIIum_,3641,60
1986,GlucoseGuard101,3641,48
1986,ixx_10,3641,300
1990,AMTHAl-X,3640,49
1990,NON-MOOD,3640,73
1990,LowkeyYandere,3640,81
1990,ImSmuFR,3640,325
1990,OAAbalder,3640,216
1990,X-E2002666,3640,62
1990,YaboyElijah199,3640,112
1990,Lord-Ravenclaw,3640,27
1998,Superprut18,3639,49
1998,SupremePenguin8,3639,155
1998,itz_inkk,3639,226
