Rank,Gamer,Skill Rating,# Games,page_number
1,"Y-Z-N_SA
4685","Top 1%


4,685",249,1
2,"SoraHeartly
4648","Top 1%


4,648",66,1
3,"CODCode904
4603","Top 1%


4,603",30,1
4,"Vezifyyy
4600","Top 1%


4,600",27,1
5,"Mercy
4582","Top 1%


4,582",43,1
6,"iRobbStark
4553","Top 1%


4,553",97,1
7,"iKxKK
4522","Top 1%


4,522",78,1
8,"FuzeM8
4417","Top 1%


4,417",46,1
8,"Appelsauce01
4417","Top 1%


4,417",114,1
10,"BIGBOSS-_-q8
4416","Top 1%


4,416",39,1
10,"C0LLXN--
4416","Top 1%


4,416",68,1
12,"The_Teawreks
4409","Top 1%


4,409",14,1
13,"Punisher__02
4396","Top 1%


4,396",393,1
14,"nikoblaf
4394","Top 1%


4,394",25,1
15,"Mortal
4390","Top 1%


4,390",37,1
16,"Vex_Armour
4378","Top 1%


4,378",39,1
17,"Smokeynypd
4375","Top 1%


4,375",170,1
17,"THUNDERBIRDENZO
4375","Top 1%


4,375",85,1
19,"SKRRSKRRx
4373","Top 1%


4,373",88,1
20,"p1ckleguy
4370","Top 1%


4,370",38,1
21,"Curiious--
4362","Top 1%


4,362",70,1
22,"vikes281269
4358","Top 1%


4,358",284,1
23,"Meraakii
4355","Top 1%


4,355",26,1
24,"AboTrEnd
4354","Top 1%


4,354",33,1
25,"xMeijor-Skillsx
4351","Top 1%


4,351",161,1
26,"ohBleu
4347","Top 1%


4,347",54,1
27,"SnipKw
4342","Top 1%


4,342",113,1
28,"WxZiR
4340","Top 1%


4,340",23,1
29,"xlMajor-Skillslx
4339","Top 1%


4,339",192,1
30,"cito1
4337","Top 1%


4,337",31,1
31,"Samyuhl
4334","Top 1%


4,334",45,1
32,"BestSymmetra
4326","Top 1%


4,326",40,1
33,"Ceasariam1
4324","Top 1%


4,324",89,1
34,"OG_Spuggz
4320","Top 1%


4,320",29,1
35,"xxMERCYMEINxx
4318","Top 1%


4,318",86,1
35,"Candyy-x
4318","Top 1%


4,318",51,1
35,"Lime232
4318","Top 1%


4,318",97,1
38,"Anamei-
4309","Top 1%


4,309",53,1
38,"kitty-kingdom
4309","Top 1%


4,309",16,1
40,"DatFatRat
4304","Top 1%


4,304",174,1
41,"Boto-PekPek
4301","Top 1%


4,301",71,1
42,"S-Ranx
4295","Top 1%


4,295",140,1
43,"F_NKD_
4293","Top 1%
 

4,293",85,1
44,"MercyyKills
4289","Top 1%


4,289",49,1
45,"Xuteq
4286","Top 1%


4,286",325,1
46,"LEO_MERKSALOT
4269","Top 1%


4,269",268,1
47,"EvanMario
4261","Top 1%


4,261",236,1
47,"UnrelentingBear
4261","Top 1%


4,261",121,1
47,"GHOST-ZERO32
4261","Top 1%


4,261",189,1
50,"SsbmHax
4259","Top 1%


4,259",78,1
51,"Vasock
4258","Top 1%


4,258",13,1
52,"lowkeypharah
4256","Top 1%


4,256",54,1
53,"MeshalXr
4255","Top 1%


4,255",62,1
54,"Banana_Man367
4251","Top 1%


4,251",510,1
55,"AlwaysAldo
4249","Top 1%


4,249",44,1
56,"v_Miles
4248","Top 1%


4,248",60,1
57,"DARKLIGHT945
4245","Top 1%


4,245",249,1
58,"TracerTranquil
4244","Top 1%


4,244",79,1
59,"Libxro
4242","Top 1%


4,242",27,1
59,"HammondF
4242","Top 1%


4,242",134,1
61,"LadyAverelynn
4239","Top 1%


4,239",85,1
61,"NOMAD__13
4239","Top 1%


4,239",120,1
63,"cmdsoccerfan
4237","Top 1%


4,237",109,1
64,"zApxIIo
4236","Top 1%


4,236",46,1
64,"nikolabff
4236","Top 1%


4,236",81,1
66,"BizzyxThexKid
4235","Top 1%


4,235",26,1
67,"Paradoxed_Angel
4234","Top 1%


4,234",25,1
67,"Fluffy_Swaggins
 4234","Top 1%


4,234",109,1
69,"ToRepresent_
4231","Top 1%


4,231",291,1
70,"BigDaddyTorbjon
4226","Top 1%


4,226",190,1
71,"Tarkenn
4224","Top 1%


4,224",50,1
72,"Hmassq8
4223","Top 1%


4,223",53,1
73,"Nearzam
4222","Top 1%


4,222",75,1
74,"BRUINS1234567891
4220","Top 1%


4,220",69,1
75,"KephWurry
4215","Top 1%


4,215",29,1
75,"Wolfsilvergem
4215","Top 1%


4,215",74,1
77,"alhjlhr
4213","Top 1%


4,213",61,1
78,"DOSLuck
4210","Top 1%


4,210",40,1
79,"Gamermoses00
4209","Top 1%


4,209",55,1
79,"Bxnquo
4209","Top 1%


4,209",75,1
79,"ilovemissmeteora
4209","Top 1%


4,209",159,1
82,"Azo0zAli675
4201","Top 1%


4,201",208,1
83,"NoMercy_oxox
4200","Top 1%


4,200",44,1
84,"OP-Mesho
4196","Top 1%


4,196",177,1
85,"DiamondDogs727
4193","Top 1%


4,193",27,1
86,"ELEMENT_RAVENOUS
4192","Top 1%


4,192",57,1
86,"Kephrii_consl
4192","Top 1%


4,192",103,1
88,"Aimbot-CalvinJr
4182","Top 1%


4,182",24,1
89,"Hyqi
4181","Top 1%


4,181",363,1
90,"ShakeAndBake5129
4180","Top 1%


4,180",58,1
91,"Pr0j3ct1leG0D
4178","Top 1%


4,178",296,1
92,"The_Rad_Dawg
4176","Top 1%


4,176",23,1
92,"DonSaudHD
4176","Top 1%


4,176",178,1
94,"Grundlenorf
4172","Top 1%


4,172",24,1
95,"serx183
4171","Top 1%


4,171",253,1
96,"Kayeose
4169","Top 1%


4,169",91,1
97,"BurberryAaron
4168","Top 1%


4,168",157,1
97,"Tisumi___
4168","Top 1%


4,168",23,1
97,"Sboy022002
4168","Top 1%


4,168",18,1
100,"b0ng_Tastic420
4166","Top 1%


4,166",67,1
100,"b0ng_Tastic420
4166","Top 1%


4,166",67,2
102,"Swishy_SimmonZ
4162","4,162",15,2
102,"aqrat
4162","4,162",22,2
102,"surpboy
4162","4,162",54,2
102,"fashionqueenxoxo
4162","4,162",403,2
106,"Lunaryes
4160","4,160",59,2
106,"Maranata01
4160","4,160",88,2
108,"INCBUSTV
4157","4,157",74,2
109,"PF_Kabaji
4156","4,156",178,2
110,"Nike_Ramos
4154","4,154",189,2
110,"M--Xavier
4154","4,154",381,2
112,"SirSuro
4153","4,153",69,2
113,"NTrySoft
4151","4,151",136,2
114,"jonathan1058
4150","4,150",75,2
115,"aurorus-_
4149","4,149",126,2
116,"xSlopzzz
4148","4,148",182,2
116,"aBsTrAcT_Hazza
4148","4,148",262,2
118,"MrCaliiber
4146","4,146",246,2
119,"MT-Dew-_-Crystal
4145","4,145",73,2
120,"JohnnySinsPog
4144","4,144",92,2
121,"Sxyul
4141","4,141",62,2
121,"Esteban_C15
4141","4,141",56,2
123,"mopymopemop
4140","4,140",42,2
124,"Bow20k
4135","4,135",193,2
124,"Ameer-Bo3
4135","4,135",320,2
126,"VengefulZarya
4133","4,133",29,2
126,"PoP_CandiiGirl99
4133","4,133",65,2
126,"Reaperkill-
4133","4,133",81,2
126,"kris-unoffical
4133","4,133",96,2
130,"XxCliqueModzxX
 4132","4,132",47,2
131,"UnknownStrategy
4131","4,131",160,2
132,"Mercywatch
4130","4,130",73,2
132,"Kittin_Mittenz
4130","4,130",68,2
134,"xmb1k
4129","4,129",50,2
134,"cadence0409
4129","4,129",167,2
134,"BronzeBuns
4129","4,129",96,2
137,"GhostKillSkull
4128","4,128",54,2
137,"AssBabyFeelDat
4128","4,128",112,2
139,"IInfiniteVision
4127","4,127",58,2
139,"dark_phoeinix
4127","4,127",103,2
141,"BooomHK
4122","4,122",35,2
142,"yazeed-Alhrbi-18
4121","4,121",56,2
143,"Sleepy_ByeBye
4118","4,118",43,2
143,"The_Endis_Near_
4118","4,118",119,2
143,"as_Bernie
4118","4,118",60,2
146,"HellaSlatt
4117","4,117",24,2
147,"i9_rahbii_7i
4116","4,116",63,2
147,"Reece_Owen_
4116","4,116",53,2
149,"Embleu
4115","4,115",461,2
150,"ShayUAE66
4114","4,114",88,2
150,"Farooster
4114","4,114",124,2
150,"Ethan880019
4114","4,114",97,2
153,"xCayne
4112","4,112",79,2
154,"ZyNc_knight
4110","4,110",247,2
154,"KerroZxL
4110","4,110",22,2
156,"Xx-AzaZel25-xX
4108","4,108",41,2
156,"deadshadow02
4108","4,108",128,2
158,"Fannez-
4107","4,107",103,2
159,"MrChxrm
4106","4,106",159,2
160,"SwooPxr
4105","4,105",71,2
160,"W-Legendary-W
4105","4,105",90,2
162,"DJRory_
4104","4,104",221,2
163,"jujy0531
4103","4,103",153,2
163,"kckr-4
4103","4,103",99,2
165,"Jonny99
4101","4,101",269,2
165,"PRM3600
4101","4,101",225,2
167,"ILoveCodcode904
4099","4,099",58,2
167,"SoliverZ
4099","4,099",138,2
169,"laframboise_6
4098","4,098",71,2
169,"Unbound-Slayer-
4098","4,098",88,2
169,"Arepa_2TM
4098","4,098",74,2
169,"Smaxsh
4098","4,098",422,2
173,"WistlerOW
4097","4,097",27,2
173,"king14171
4097","4,097",59,2
173,"SMPPKurek
4097","4,097",25,2
176,"SeulnUu
4096","4,096",97,2
177,"redpepper361
4095","4,095",72,2
178,"jojo102494
4093","4,093",53,2
179,"Dragun_Ryder2
4092","4,092",40,2
179,"x3piCKiLLer79x
4092","4,092",17,2
181,"Chhooon
4091","4,091",251,2
181,"ConfusedeBlonde
4091","4,091",65,2
183,"akiboy05
4090","4,090",348,2
183,"DatChicagoKid
4090","4,090",290,2
183,"TripleWhiteTNs
4090","4,090",66,2
186,"ZPRN
4089","4,089",51,2
186,"Marifer24
4089","4,089",329,2
188,"Tektronix_Ice
4085","4,085",139,2
188,"iHidz
4085","4,085",30,2
190,"Taterballs69
4084","4,084",170,2
190,"Miiwry
4084","4,084",354,2
192,"ozdemir-2003
4083","4,083",27,2
193,"chiefnhey
4082","4,082",85,2
193,"Cypher_Corb
4082","4,082",71,2
193,"AustinMinaj
4082","4,082",237,2
196,"BrownnGirls
4081","4,081","1,010",2
197,"King_Killa111237
4080","4,080",53,2
197,"poke-oni
4080","4,080",95,2
199,"DENIS96177
4079","4,079",205,2
199,"JolloDrollo
4079","4,079",49,2
201,"Soccer_Taco234
4078","4,078",125,3
202,"quesofries
4076","4,076",61,3
203,"bbyllama
4073","4,073",119,3
203,"maniac123mc
4073","4,073",68,3
205,"d3koyz
4072","4,072",34,3
205,"Xternel
4072","4,072",65,3
205,"o_JCVstealth_o
4072","4,072",184,3
208,"A547396
4071","4,071",187,3
208,"KiloPanda
4071","4,071",21,3
208,"HexaRyeN
4071","4,071",185,3
211,"Kabliv2
4070","4,070",44,3
211,"B_WildiN473
4070","4,070",113,3
211,"Muccree
4070","4,070",97,3
214,"DSPPauly
4069","4,069",122,3
214,"Mugger17
4069","4,069",77,3
214,"okyouwait
4069","4,069",82,3
217,"S-C-J53
4068","4,068",123,3
217,"ZENTORYUM
4068","4,068",60,3
219,"ManBearPig258126
4067","4,067",400,3
220,"ThePhoenixGam3r_
4063","4,063",43,3
220,"GenkiOW
4063","4,063",179,3
220,"MiSHari-ak
4063","4,063",315,3
223,"Uhtherside
4061","4,061",29,3
223,"DestroyersAlive
4061","4,061",333,3
225,"JDogg2168
4060","4,060",301,3
226,"Keegan330
4059","4,059",37,3
227,"NoSwitchWidow
4056","4,056",73,3
228,"ConjuredDevil
4055","4,055",166,3
229,"Plugesal
4054","4,054",35,3
229,"itsEventful
4054","4,054",83,3
231,"BiTxE_-
4053","4,053",27,3
231,"zFuZzi0nXx
4053","4,053",35,3
233,"zerokillermarine
4051","4,051",92,3
233,"Narutooo-Kuuun
4051","4,051",86,3
233,"YahBoySean
4051","4,051",214,3
233,"HellaBlood
4051","4,051",41,3
237,"MrNoGuts-
4050","4,050",269,3
238,"ModdedJoker
4049","4,049",44,3
239,"DPS-QUEEN
4048","4,048",87,3
239,"matamerik4a
4048","4,048",22,3
239,"JayHitEmUp_35-
4048","4,048",59,3
239,"VxsKn
4048","4,048",107,3
243,"Honeyless
4047","4,047",84,3
243,"CoreyHatesYou
 4047","4,047",127,3
243,"Baconwiggles-_-
4047","4,047",122,3
243,"buttonsmasher03
4047","4,047",133,3
247,"IM_A_SMURF_XD_XD
4046","4,046",60,3
248,"TheCookieTroller
4045","4,045",118,3
249,"Tommy_Kikii
4044","4,044",416,3
249,"xlnterstellar
4044","4,044",150,3
249,"OG_VersaceZ
4044","4,044",45,3
252,"Graxious
4043","4,043",111,3
252,"ALBRHY1-
4043","4,043",174,3
254,"SuperTical
4042","4,042",201,3
254,"itzmjs
4042","4,042",44,3
254,"Proximity_Hazard
4042","4,042",101,3
254,"miracle_zerix
4042","4,042",984,3
258,"ChickenMix-76
4041","4,041",94,3
258,"BewareImIngorant
4041","4,041",21,3
260,"MW2isaBEAST
4040","4,040",74,3
260,"DnL_Catoprion
4040","4,040",28,3
260,"bmaynard23
4040","4,040",38,3
260,"RedAceXIII
4040","4,040",31,3
264,"YahuThe7th
4039","4,039",28,3
264,"NateVodka25
4039","4,039",23,3
264,"zeldalink1991
4039","4,039",16,3
267,"UrSugarDaddy_
4038","4,038",158,3
267,"aq_lk
4038","4,038",69,3
267,"Mayhem-96-
4038","4,038",131,3
267,"GuusG97
4038","4,038",142,3
271,"DESTROYER150899
4037","4,037",112,3
271,"Po-yo9
4037","4,037",30,3
271,"BDQ17
4037","4,037",104,3
271,"moe82c
4037","4,037",73,3
275,"MarceL0_-0_0
4036","4,036",231,3
276,"FriskyFatty
4035","4,035",73,3
276,"IGarros
4035","4,035",117,3
276,"Ktenologist
4035","4,035",80,3
276,"UkAziz
4035","4,035",103,3
280,"DeadlyAztec11
4034","4,034",104,3
280,"Min-Min726
4034","4,034",204,3
280,"Gcarmine21
4034","4,034",140,3
280,"WhyAmISmurfing
4034","4,034",17,3
284,"Clanegan
4033","4,033",211,3
285,"swiperman2002
4032","4,032",32,3
285,"FelpsHa
4032","4,032",202,3
285,"GamesGhoul
4032","4,032",31,3
288,"hotsaucehog
4031","4,031",225,3
288,"ByTwixyy
4031","4,031",145,3
288,"Decxry
4031","4,031",198,3
288,"Rose_uzumaki
4031","4,031",324,3
288,"osamakiller10566
4031","4,031",115,3
293,"FRUITYxPANDA
4030","4,030",147,3
293,"Purkey2
4030","4,030",75,3
295,"SnA-Pingu
4029","4,029",135,3
295,"Riiima__
4029","4,029",153,3
295,"Hydrozee_
4029","4,029",438,3
295,"Swegosity
4029","4,029",41,3
299,"GM_withMercy
4028","4,028",65,3
299,"JayyLimits
4028","4,028",341,3
299,"JayyLimits
4028","4,028",341,4
299,"Kryptiks_v2
4028","4,028",35,4
299,"PowerNaps-
4028","4,028",333,4
299,"GM_withMercy
4028","4,028",65,4
305,"clubwestferry
4027","4,027",372,4
305,"alms3di
4027","4,027",234,4
305,"sebastianwillia4
4027","4,027",241,4
305,"RabbitInbound
4027","4,027",63,4
305,"Xxshadow_415xX
4027","4,027",125,4
310,"zaioslayer
4026","4,026",46,4
310,"Hector_RO99
4026","4,026",497,4
310,"josecervantes678
4026","4,026",227,4
310,"PJROCKINSTAN
4026","4,026",77,4
314,"OuO_HAPPY_FACE
4025","4,025",32,4
314,"aravex
4025","4,025",52,4
314,"XanFreakk
4025","4,025",99,4
314,"Xx_Chrome_SMG_xX
4025","4,025",31,4
314,"CloudIsToxic
4025","4,025",155,4
314,"jxalbz
4025","4,025",42,4
320,"linktg2016
4024","4,024",29,4
320,"James5Jalon
4024","4,024",28,4
320,"RaccPack
4024","4,024",32,4
320,"ATG_Vortex
4024","4,024",39,4
320,"svf727
4024","4,024",52,4
320,"Hueningkaiii
4024","4,024",233,4
320,"TheKidJames12
4024","4,024",83,4
320,"Dre_XP
4024","4,024",163,4
328,"thehyoman1005
4023","4,023",108,4
328,"QueenMeepy
4023","4,023",174,4
330,"jello13579
4022","4,022",177,4
330,"Steel_NiTroS
4022","4,022",196,4
330,"AznNinja22
4022","4,022",29,4
330,"impactoGaming
4022","4,022",149,4
330,"Trifecta13
4022","4,022",262,4
330,"ninjaz-can-fly
4022","4,022",90,4
330,"ShadowKiller21_
4022","4,022",123,4
330,"DBZxSaiyan
4022","4,022",32,4
330,"Izzy_wT
4022","4,022",187,4
339,"jamalo1games
4021","4,021",98,4
339,"Exoticthebeast25
4021","4,021",276,4
339,"DiegoSebastian7
4021","4,021",81,4
342,"Zorrok325
4020","4,020",66,4
342,"Rambo_BROTHA
4020","4,020",194,4
342,"iDr303
4020","4,020",54,4
342,"Voltic_Mystic
4020","4,020",151,4
342,"reddit_lucio1
4020","4,020",250,4
347,"Bifrost887
4019","4,019",105,4
347,"ItsTurnerBruh
4019","4,019",47,4
347,"barflyninja354
4019","4,019",129,4
347,"saucyhec
4019","4,019",41,4
347,"Dishonxr
4019","4,019",109,4
347,"SofiaHilton
4019","4,019",114,4
347,"xIPvP
4019","4,019",313,4
347,"TwistJr
4019","4,019",128,4
355,"Bobby_Dont_Lie
4018","4,018",83,4
355,"PartlyClowday7
4018","4,018",165,4
357,"Twitch_ItzRemi99
4017","4,017",217,4
357,"CaIIMeShadow
4017","4,017",226,4
357,"POIIISEN
4017","4,017",356,4
357,"xPR3DAT0Rx_265
4017","4,017",89,4
357,"Mutiny_Infinite
4017","4,017",280,4
357,"Corbot__
4017","4,017",27,4
363,"SuperPsiPower
4016","4,016",462,4
363,"rla75
4016","4,016",35,4
363,"AngelaZieglerPHD
4016","4,016",207,4
363,"meowbecky
4016","4,016",55,4
363,"xxDarkstar24xx
4016","4,016",30,4
363,"xBlackxLavender
4016","4,016",452,4
363,"B3astMode312-
4016","4,016",34,4
363,"IntellectualCat
4016","4,016",371,4
363,"Oliver52565
4016","4,016",159,4
372,"almighty_inferno
4015","4,015",235,4
372,"Lillyxpress
4015","4,015",30,4
372,"srwo2h
4015","4,015",187,4
372,"Lord-ObV1
4015","4,015",392,4
372,"alluow
4015","4,015",136,4
372,"Sparcs_711
4015","4,015",116,4
372,"AzMirage
4015","4,015",97,4
379,"Xullan
4014","4,014",279,4
379,"REIGNOFDEATH111
4014","4,014",102,4
379,"Ungur-
4014","4,014",95,4
379,"josesalerno83
4014","4,014",81,4
379,"xBaDdAsGaMeR45x
4014","4,014",179,4
379,"LiTTerDeMoN
4014","4,014",54,4
385,"ghogy
4013","4,013",23,4
385,"ParagonGaming22
4013","4,013",185,4
385,"vGriip
4013","4,013",66,4
385,"SusDolphin
4013","4,013",76,4
385,"Sinister-IB
4013","4,013",81,4
385,"geriHATtrics2
4013","4,013",116,4
385,"mike1434
4013","4,013",340,4
385,"Silvybot
4013","4,013",137,4
385,"Snape_87
4013","4,013",69,4
394,"PEROXID_-
4012","4,012",126,4
394,"Clay-4321
4012","4,012",32,4
394,"RoyalRahim
4012","4,012",150,4
394,"B_twins69
4012","4,012",487,4
394,"jaydenpol
4012","4,012",23,4
399,"otp_doomfistx
4011","4,011",91,4
399,"GrimSchism-
4011","4,011",200,4
399,"Whyumadbro1234
4011","4,011",250,5
402,"mdw-the-awesome
 4010","4,010",102,5
402,"SaltLamb
4010","4,010",44,5
402,"Kamasi_Reborn
4010","4,010",64,5
402,"darkspeed002
4010","4,010",134,5
406,"Cloudszx
4009","4,009",95,5
406,"Abo_Bandar55
4009","4,009",57,5
406,"halliette
4009","4,009",110,5
406,"xKiingRuFFy
4009","4,009",38,5
406,"Escuzzi
4009","4,009",166,5
406,"oToo_Quick
4009","4,009",60,5
406,"warrior1299
4009","4,009",367,5
406,"COMBATPRACTlCE
4009","4,009",187,5
406,"Zenka_MK
4009","4,009",249,5
415,"Ponterrible
4008","4,008",31,5
415,"Dottir_
4008","4,008",140,5
415,"Spro15
4008","4,008",119,5
415,"Prxzmal
4008","4,008",259,5
415,"SparkyLemur
4008","4,008",37,5
420,"LivingLarge27
 4007","4,007",301,5
420,"robgon325
4007","4,007",38,5
420,"NotTristanB
4007","4,007",26,5
420,"TaitsAu
4007","4,007",58,5
424,"KiIIerTokyoBear
4006","4,006",79,5
424,"KiNG_GhostSniper
4006","4,006",101,5
424,"I-_ThAtDuDe_-I
4006","4,006",92,5
424,"Preserve-
4006","4,006",37,5
428,"MainHanzoTroll
4005","4,005",114,5
428,"usxsil
4005","4,005",105,5
428,"Xgallo-94X
4005","4,005",109,5
428,"CouponYon
4005","4,005",140,5
428,"felimee
4005","4,005",38,5
428,"XimbotCalvin
4005","4,005",296,5
428,"BLACK-MASK-96
4005","4,005",24,5
428,"blaster12383
4005","4,005",15,5
428,"Ionic_Vortex02
4005","4,005",59,5
437,"JessehFH
 4004","4,004",355,5
437,"OkumuraxRin
4004","4,004",92,5
439,"fat-turtle107
4003","4,003",85,5
439,"wafflebot690
4003","4,003",24,5
439,"Tuhsumi
4003","4,003",33,5
439,"TheBIackProdigy
4003","4,003",340,5
443,"ilsmackucrazy
4002","4,002",205,5
443,"XIm-Your-MotherX
4002","4,002",28,5
443,"TOMSKiii6
4002","4,002",84,5
443,"Ian1203
4002","4,002",64,5
443,"Mrhpato
4002","4,002",255,5
443,"MizrabeI
4002","4,002",95,5
443,"WibowMaker
4002","4,002",387,5
450,"CAMM
4001","4,001",89,5
450,"Kinokii
4001","4,001",94,5
450,"HuNtErAnGeLsCLaN
4001","4,001",91,5
450,"UncleJinx
4001","4,001",117,5
450,"condante75
4001","4,001",61,5
455,"Fashcop
 4000","4,000",85,5
455,"VicMercy
4000","4,000",16,5
455,"CrazzyReactiion
4000","4,000",47,5
455,"said90ksa
4000","4,000",157,5
455,"SweepingTeams
4000","4,000",95,5
455,"Hebbby
4000","4,000",147,5
455,"SenS_N0V4
4000","4,000",31,5
462,"ImSorryILetYouGo
3999","3,999",20,5
462,"FabbyPN
3999","3,999",157,5
462,"FamilienMICMAG
3999","3,999",73,5
465,"xbronzesombrax
3998","3,998",72,5
465,"Cap_IX
3998","3,998",103,5
467,"Predator3340
3996","3,996",81,5
467,"Captain_BP94
3996","3,996",136,5
469,"iOnlyPlayGenji69
3995","3,995",178,5
469,"balen14
3995","3,995",97,5
471,"gjhanji
3994","3,994",92,5
472,"AresLegion0
3992","3,992",30,5
472,"QuickShatterXZ
3992","3,992",51,5
472,"Cronos629
3992","3,992",80,5
475,"Vburg26
3991","3,991",204,5
476,"Harpnova
3989","3,989",307,5
477,"andrewc1010
3988","3,988",28,5
477,"Karate_Bum
3988","3,988",179,5
477,"SoaL_Havic
3988","3,988",55,5
480,"DustinMySack
3987","3,987",61,5
480,"Ernestojr7
3987","3,987",76,5
480,"TekkenKid12
3987","3,987",103,5
483,"ZzFaBrYzZ
3985","3,985",15,5
483,"X_wabafet_X
3985","3,985",406,5
483,"jasonisback87
3985","3,985",88,5
483,"Mmeelms
3985","3,985",115,5
487,"zR_DoWnLiNkZ
3984","3,984",93,5
487,"zaryapls
3984","3,984",306,5
489,"Baebyp
3983","3,983",36,5
490,"NolifeShiro
3982","3,982",280,5
491,"YourLocalTwink-
3981","3,981",50,5
491,"Distraxts
3981","3,981",388,5
493,"McCrenji
3979","3,979",108,5
493,"Jmanbeast23
3979","3,979",299,5
495,"domino24681011
3978","3,978",26,5
495,"VMA_Fruitter
3978","3,978",92,5
495,"raronet
3978","3,978",19,5
498,"tyrrellspassterr
3977","3,977",16,5
498,"Louiser89
3977","3,977",51,5
498,"Hooftx
3977","3,977",76,5
501,"FD2020175
3976","3,976",73,6
501,"ElectriCVenomZz
3976","3,976",140,6
503,"waterlili02
3975","3,975",68,6
503,"Offensz
3975","3,975",32,6
503,"R3SETS-_-
3975","3,975",242,6
506,"QZEKAGI
3974","3,974",13,6
507,"thh0113
3973","3,973",186,6
507,"jiujitsukid9
3973","3,973",168,6
507,"NSPsdrawkcaB
3973","3,973",39,6
507,"Scriptoss
3973","3,973",95,6
511,"xSpEct_EleMEnTaL
3972","3,972",32,6
511,"joelskywalker
3972","3,972",55,6
511,"Heck515
3972","3,972",57,6
514,"TheRealLittle
3971","3,971",44,6
514,"Adoptedemon
3971","3,971",180,6
514,"POGGCHAMPION
3971","3,971",32,6
514,"FRANCKY57
3971","3,971",27,6
518,"FetelifeEnt
3970","3,970",128,6
518,"Adubzz2128
3970","3,970",20,6
518,"weebexe
3970","3,970",200,6
521,"CYAN-FOXX
3969","3,969",32,6
522,"Eroin--7
3968","3,968",38,6
522,"MUFC_Kwt-_-
3968","3,968",82,6
522,"burningbrownies
3968","3,968",39,6
525,"teummo
3967","3,967",98,6
525,"SUBAKIM
3967","3,967",44,6
527,"KFAFESH
3966","3,966",82,6
527,"qivid
3966","3,966",34,6
527,"mesho_xo_
3966","3,966",61,6
527,"xxdaveyjohnsonxx
3966","3,966",55,6
531,"Henriettta__
3965","3,965",63,6
531,"Bananaslayer224
3965","3,965",61,6
531,"Faze_up_obama
3965","3,965",90,6
534,"x24yekcih24x
3964","3,964",32,6
534,"zzorro_71
3964","3,964",64,6
534,"michael1729
3964","3,964",24,6
534,"Frenziess-
3964","3,964",227,6
534,"lukepl56
3964","3,964",183,6
539,"Ryuzyn
3963","3,963",215,6
539,"pclarck
3963","3,963",69,6
539,"OHKILLEMBOY77
3963","3,963",19,6
539,"IHP-V
3963","3,963",55,6
539,"XsreglarX
3963","3,963",26,6
544,"Xx_KiD_KuSH34_xX
3962","3,962",23,6
544,"juanetetux19
3962","3,962",227,6
544,"EndorsedSword77
3962","3,962",20,6
544,"VerOx_z
3962","3,962",425,6
548,"LittL_Kid
3961","3,961",165,6
548,"ForsakenEnergy
3961","3,961",121,6
548,"Antispine
3961","3,961",364,6
551,"PriscillaTheCB
3960","3,960",91,6
551,"nL_Seraptic
3960","3,960",55,6
551,"Lollipop_Keeper
3960","3,960",201,6
551,"insuficientSauce
3960","3,960",58,6
555,"OlimiSYR
3959","3,959",367,6
555,"ElectricCowboi
3959","3,959",56,6
557,"sonryaz
3958","3,958",750,6
558,"SlayerrOfNoobs
3957","3,957",51,6
558,"tweeety09
3957","3,957",119,6
558,"SuitedMoney9693
3957","3,957",37,6
558,"OoKiNG-DarkOo
3957","3,957",72,6
558,"DarkMatriX921
3957","3,957",29,6
558,"WALKING_DEAD108
3957","3,957",43,6
564,"HITSTAN
3956","3,956",363,6
564,"TheCrow456381
3956","3,956",104,6
566,"anitalmid
3955","3,955",56,6
567,"badlans
3954","3,954",255,6
567,"Sanity_SkayL
3954","3,954",42,6
567,"Hanged____man___
3954","3,954",140,6
570,"ANIMOSITY_OW
3953","3,953",133,6
570,"angelito1_
3953","3,953",187,6
570,"Main_Down
3953","3,953",58,6
570,"BadAimBadBrain
3953","3,953",141,6
574,"ClashofComedy2
3952","3,952",154,6
574,"r093r10p
3952","3,952",82,6
576,"crackinskulls99
3951","3,951",316,6
576,"Mattximum25
3951","3,951",122,6
576,"c24301530
3951","3,951",431,6
579,"imWantedo
3950","3,950",64,6
579,"IrellevantTorb
3950","3,950",152,6
579,"RawrRawrRave
3950","3,950",29,6
582,"Luciifer80
3949","3,949",73,6
582,"LulUnicorne
3949","3,949",72,6
582,"Rosy-May
3949","3,949",20,6
585,"MangoTheHoe
3948","3,948",168,6
585,"Da_Rooster909
3948","3,948",52,6
585,"shakadon09
 3948","3,948",53,6
588,"normohh
3947","3,947",75,6
588,"DryBonesHax
3947","3,947",56,6
588,"Mr_Ezvii
3947","3,947",40,6
588,"Maplevee
3947","3,947",118,6
588,"konstipoo
3947","3,947",128,6
588,"ArabianPossum
3947","3,947",27,6
594,"IMaBEAST1950
3946","3,946",50,6
594,"GoonyOW
3946","3,946",27,6
596,"ReViruss
3945","3,945",122,6
596,"mtrobb
3945","3,945",58,6
598,"ghiloi-22
3944","3,944",54,6
598,"Squad_Shi
3944","3,944",136,6
600,"moe11-_
3942","3,942",284,6
600,"IMSQUATCH
3942","3,942",108,7
602,"iJunya
3941","3,941",37,7
602,"SNIPERGODFULL
3941","3,941",269,7
602,"GodSkyy
3941","3,941",114,7
602,"N-Boosted-N
3941","3,941",42,7
606,"YT-PiggyMageKing
3940","3,940",150,7
606,"GokuSaijayin5
3940","3,940",21,7
606,"othmanxx_-
3940","3,940",68,7
609,"MainlyMainMcCree
3939","3,939",23,7
609,"Avereux
3939","3,939",244,7
609,"yardyknow
3939","3,939",46,7
609,"ha156md
3939","3,939",195,7
613,"ELITEx_xGAMER
3938","3,938",152,7
613,"hannahbellle
3938","3,938",124,7
615,"Grannyana
3937","3,937",223,7
615,"lGodLikE106
3937","3,937",19,7
615,"Nautilus2K
3937","3,937",89,7
615,"GiuIia
3937","3,937",174,7
619,"Gianna_xoxo
3936","3,936",99,7
619,"meedo__200
3936","3,936",203,7
621,"ImChasinq
3935","3,935",120,7
621,"torbjorn_ta1nt
3935","3,935",176,7
621,"sammie7201
3935","3,935",77,7
624,"DefineBabe
3934","3,934",16,7
624,"H2Oo-_-
3934","3,934",97,7
626,"ForsakenIdol
3933","3,933",59,7
626,"canttouch611
3933","3,933",75,7
626,"nicekun23
3933","3,933",217,7
626,"Reaper101077
3933","3,933",126,7
626,"GuttiGang2121
3933","3,933",307,7
631,"RajeeshIsHere
3932","3,932",60,7
632,"tutilegal
3931","3,931",60,7
632,"KoalaInbound
3931","3,931",271,7
634,"Unseen_Shadow202
 3930","3,930",27,7
634,"iam_milton
3930","3,930",276,7
636,"PokemonYX_
3929","3,929",29,7
636,"CherryBomb-u
3929","3,929",54,7
636,"Doc1930
3929","3,929",75,7
636,"UltimateCowLevel
3929","3,929",42,7
636,"Xx_LeMeP0w3r_xX
3929","3,929",112,7
636,"Mad_man004
3929","3,929",208,7
636,"ThyDankestMemes
3929","3,929",159,7
643,"Wolf_Acez
3928","3,928",108,7
644,"GenguOP
3927","3,927",195,7
644,"WhatsA_Smurf
3927","3,927",47,7
644,"DOOMFISTisblack
3927","3,927",115,7
644,"cr7-70q
3927","3,927",95,7
644,"Andry17
3927","3,927",150,7
649,"EasyFTW
3926","3,926",333,7
649,"smileydude2004
3926","3,926",136,7
649,"PikachuGregEX04
3926","3,926",61,7
649,"DarkWolf266
3926","3,926",33,7
649,"popwiill
3926","3,926",22,7
649,"S_y_k_b_o
3926","3,926",95,7
655,"Haterhots
3925","3,925",33,7
656,"colosse755
3924","3,924",140,7
657,"KAJO727
3923","3,923",35,7
657,"X-_-WHIT3OUT-_-X
3923","3,923",130,7
657,"AntG_98
3923","3,923",39,7
660,"mikman21
3922","3,922",86,7
660,"Mydelle
3922","3,922",72,7
660,"Hoss-_-Alanche
3922","3,922",27,7
660,"qDRAGON_SLAYERp
3922","3,922",255,7
660,"SNK-Rewind
3922","3,922",185,7
665,"justaprank1219
3921","3,921",105,7
665,"Mike_Radio155
3921","3,921",332,7
665,"Lictea
3921","3,921",37,7
665,"BangBangyougaeyy
3921","3,921",217,7
665,"titou2319
3921","3,921",388,7
665,"HarmonyWidow
3921","3,921",56,7
671,"Coolboss147
3920","3,920",242,7
671,"NFused_Soul
3920","3,920",140,7
673,"KapLRZ
3919","3,919",59,7
673,"MeiMain
3919","3,919",26,7
673,"JordanJ3026
3919","3,919",231,7
673,"JRPerl
3919","3,919",597,7
673,"OwNdByBoNG
3919","3,919",128,7
678,"Mr_Optic_OG
3918","3,918",45,7
678,"Call_Me_Daddy202
3918","3,918",130,7
678,"Solunarz
3918","3,918",39,7
678,"docoyatta
3918","3,918",46,7
678,"orekhovsk
3918","3,918",246,7
678,"Rocket-Man-765
3918","3,918",20,7
678,"CaPSMURF
3918","3,918",266,7
685,"DarkOfFire143
3917","3,917",15,7
685,"MONSTALOL313
3917","3,917",95,7
685,"T__rXk
3917","3,917",26,7
688,"beliscute
3916","3,916",134,7
688,"keevon2001
3916","3,916",90,7
688,"hypersonicdog126
3916","3,916",117,7
691,"iExPert_o0
3915","3,915",426,7
691,"CosmicTiger35
3915","3,915",46,7
691,"TERMINATOR110398
3915","3,915",22,7
691,"TicTocSpree
3915","3,915",29,7
691,"luiseca10
 3915","3,915",157,7
691,"thiv8
3915","3,915",30,7
691,"Yuukie--
3915","3,915",81,7
691,"Borderlander23
3915","3,915",39,7
699,"batman2022tffgvc
3914","3,914",30,7
699,"xSunShine02x
3914","3,914",264,7
699,"Wackygonz
3914","3,914",24,8
702,"Narwhal_OverDose
3913","3,913",89,8
702,"Revoced
3913","3,913",45,8
702,"Lady_Skylar
3913","3,913",29,8
705,"exoFreqz
3912","3,912",61,8
705,"GLUTTONYfma
3912","3,912",57,8
705,"Jayzen-san
3912","3,912",27,8
705,"jai-deep1234
3912","3,912",58,8
709,"Sgt_JAB
3911","3,911",164,8
709,"StickyIckyGirl
3911","3,911",41,8
711,"ninjacaster
3910","3,910",47,8
711,"younjjang
3910","3,910",52,8
711,"SpyFoxy13
3910","3,910",58,8
711,"celestial_dreams
3910","3,910",42,8
711,"Porchofgesse
3910","3,910",67,8
711,"Xx__DreaM__D_xX
3910","3,910",46,8
711,"xIDisorder
3910","3,910",74,8
711,"SandeR_0708__
3910","3,910",291,8
719,"Pawgers
3909","3,909",183,8
719,"Rem-Rems
3909","3,909",71,8
721,"yummies-_-
3908","3,908",117,8
722,"Strohhut_835
3907","3,907",53,8
722,"RF13_E115
3907","3,907",128,8
722,"AdrenalineJolt
3907","3,907",302,8
725,"KyleMJP
3906","3,906",65,8
725,"iGluttony_x
3906","3,906",52,8
725,"OccasionalTries
3906","3,906",228,8
725,"KaiDo_97
3906","3,906",80,8
729,"SJtheMonster
3905","3,905",73,8
729,"friggamahn
3905","3,905",75,8
729,"Zacharben
3905","3,905",186,8
732,"Cesaruix
3904","3,904",43,8
732,"dox4567
3904","3,904",181,8
732,"chocolatebunny67
3904","3,904",171,8
732,"TheDolphin450
3904","3,904",83,8
732,"GucciGuGu
3904","3,904",181,8
732,"Kirahwi
3904","3,904",87,8
738,"monkeyGlennx
3903","3,903",57,8
738,"leus_leus
3903","3,903",25,8
738,"RosyMoon-
3903","3,903",36,8
738,"BAD_BOY_X0
3903","3,903",433,8
738,"I_iR_U_L_3_R_x
3903","3,903",177,8
743,"yodaaodat911
3902","3,902",226,8
743,"Klarity_35
3902","3,902",18,8
743,"IzKiitty
3902","3,902",54,8
743,"Maxsib11
3902","3,902",195,8
747,"ExecutiveCaik
3901","3,901",14,8
747,"BooPuffy
3901","3,901",376,8
749,"mew-95
3900","3,900",27,8
749,"spero11
3900","3,900",116,8
749,"WackyBrodyO
3900","3,900",34,8
749,"HoJin-
3900","3,900",25,8
749,"Xx_Mariohv_xX
3900","3,900",43,8
754,"Eduard_009
3899","3,899",210,8
755,"Germa669
3898","3,898",24,8
755,"waredge14
3898","3,898",209,8
757,"O_Shizzles
3897","3,897",88,8
757,"monkeybox888
3897","3,897",246,8
757,"IraqiEagleUsa
3897","3,897",406,8
757,"TuckFrump2016
3897","3,897",24,8
761,"cchean
3896","3,896",139,8
761,"Illumanagui
3896","3,896",22,8
761,"Zipunillo
3896","3,896",25,8
761,"ACHILLES7899
3896","3,896",79,8
765,"DOGEZBORK
3895","3,895",69,8
766,"Daood-_-786
3894","3,894",39,8
766,"goldenmods7
3894","3,894",372,8
766,"culater01
3894","3,894",195,8
766,"Sqxids
3894","3,894",119,8
766,"flame_dragon133
3894","3,894",521,8
771,"Maniatrix94
3893","3,893",79,8
771,"boostedmercy-_-
3893","3,893",73,8
773,"Gill_OW
3892","3,892",82,8
773,"warfare347
3892","3,892",60,8
775,"DavisCran
3890","3,890",39,8
775,"Sinister_C00kie8
3890","3,890",49,8
775,"Tantherr
3890","3,890",52,8
775,"MalackiteOW
3890","3,890",478,8
779,"QuadShot
3889","3,889",90,8
779,"Samqdu
3889","3,889",24,8
779,"SamOramaLama
3889","3,889",172,8
779,"DonSkoomZ
3889","3,889",606,8
783,"AHouseOfBalloons
3888","3,888",72,8
784,"Audio_Medicc
3887","3,887",14,8
784,"barory
3887","3,887",75,8
784,"Akarichy-
3887","3,887",57,8
784,"Tom1315123
3887","3,887",21,8
784,"zExoduus
3887","3,887",253,8
789,"Flex_Torb
3886","3,886",55,8
789,"Warn_TV
3886","3,886",124,8
789,"xKyOloPaRto
3886","3,886",115,8
789,"MAGiC-TARGET3
3886","3,886",403,8
789,"Ecfurus
3886","3,886",50,8
794,"queen_baenana
3885","3,885",34,8
794,"ThezlFreeze
3885","3,885",84,8
796,"Bush_Knock
3884","3,884",54,8
796,"tdt73w2r66w1atw
3884","3,884",109,8
798,"Waseem694
3883","3,883",91,8
798,"BLACK_MASK_9600
3883","3,883",22,8
798,"ISIS_OW
3883","3,883",21,8
801,"The_GanjEh_Man
3882","3,882",47,9
801,"mgalleyCBNS
3882","3,882",74,9
803,"Kiyoushii
3881","3,881",56,9
803,"Calladine_Dragon
3881","3,881",70,9
803,"IamTheCerealGod
3881","3,881",32,9
803,"Sharkeaterx
3881","3,881",98,9
803,"EnigmoFrog
3881","3,881",37,9
808,"DarkskuII1
3880","3,880",48,9
808,"KevinFromStatefm
3880","3,880",88,9
808,"INutellaHD
3880","3,880",31,9
808,"ThotSlayerTorby
3880","3,880",21,9
808,"valentin775vhdm
3880","3,880",228,9
808,"KromatiK_143
3880","3,880",199,9
814,"A_n_d_r_e_w13579
3879","3,879",26,9
814,"KethamixYeahhhhh
3879","3,879",117,9
814,"lCqqz
3879","3,879",300,9
817,"ObliqueMemoriez
3878","3,878",106,9
818,"oDoomFistSmurf
3877","3,877",75,9
818,"FaarisOW
3877","3,877",212,9
818,"xKaoticDeath
3877","3,877",95,9
818,"HLYM_
3877","3,877",83,9
822,"YMotherRussia
3876","3,876",491,9
822,"IMNOTLISTENINGg
3876","3,876",154,9
824,"ItzPyroo-
3875","3,875",319,9
824,"optic5808
3875","3,875",83,9
826,"BmBModernized
3874","3,874",313,9
827,"BubbleMercyy
3873","3,873",49,9
827,"irispam76
3873","3,873",23,9
827,"Z_Doomfist_Z
3873","3,873",49,9
827,"Kirometoro
3873","3,873",178,9
827,"aoidatenshi
3873","3,873",224,9
827,"Cosmogory
3873","3,873",101,9
827,"Cruzical
3873","3,873",265,9
834,"zeiad481
3872","3,872",174,9
835,"S-imon
3871","3,871",62,9
835,"GetSchwifty
3871","3,871",193,9
837,"Snilloo
3870","3,870",28,9
837,"KMillsArt
3870","3,870",70,9
837,"Your_daddy19
3870","3,870",64,9
837,"XxaSsAsSiN23
3870","3,870",178,9
837,"DavidWilsea
3870","3,870",123,9
842,"KushCao23
3869","3,869",28,9
842,"SylerozJumpeR
3869","3,869",29,9
842,"FuZzii_ITA
3869","3,869",188,9
845,"InuChrono
3868","3,868",60,9
845,"benja20050301
3868","3,868",197,9
845,"CrOsS_bOnEz_
3868","3,868",244,9
845,"keoki403
3868","3,868",76,9
845,"xXChi895ckenXx
3868","3,868",52,9
850,"EnchantedRon
3867","3,867",168,9
850,"GIZgamerPR69
3867","3,867",73,9
850,"viiwy
3867","3,867",31,9
853,"ThaWEEZYx
3866","3,866",50,9
853,"X-XNeimadX-X
3866","3,866",55,9
855,"AIM_-_BOB
3865","3,865",71,9
855,"BenTeke3030
3865","3,865",263,9
857,"Cro112521
3864","3,864",20,9
857,"ESTAGOD-_-
3864","3,864",27,9
857,"Koko_Destructor
3864","3,864",69,9
860,"Bakuru93
3863","3,863",41,9
860,"san_ale7
3863","3,863",308,9
860,"KityPawPawNumNum
3863","3,863",30,9
860,"Thefrodoc
3863","3,863",274,9
864,"ThisIsKrowned
3862","3,862",49,9
864,"AuronGontier
3862","3,862",104,9
864,"BlooMayne
3862","3,862",38,9
867,"lolo_2727
3861","3,861",263,9
867,"Andyroomurphey
3861","3,861",27,9
867,"Nosebleed_Time
3861","3,861",286,9
867,"hamoodUAE20
3861","3,861",54,9
867,"blood_of_mercy
3861","3,861",27,9
872,"Its_zVixt
3860","3,860",72,9
873,"TREYRATCHET2003
3859","3,859",90,9
873,"nowadaysss
3859","3,859",177,9
875,"tetreault003
3858","3,858",83,9
875,"Moira_SmurfOnly
3858","3,858",103,9
875,"Dash-reset_
3858","3,858",144,9
875,"Natera-Achee47
3858","3,858",55,9
879,"br_Killer_XD
3857","3,857",37,9
880,"KyIoRens
3856","3,856",100,9
880,"ArcticSUN2311
3856","3,856",47,9
880,"fremanz
3856","3,856",30,9
880,"NoobRydar
3856","3,856",175,9
880,"Zakiloufoque
3856","3,856",134,9
880,"EricM_123
3856","3,856",364,9
880,"SniperDoggii
3856","3,856",310,9
880,"Baestion
3856","3,856",27,9
888,"ExQ_Nova
3855","3,855",66,9
888,"BoomHeadKILL
3855","3,855",31,9
888,"Rubenwrecker16
3855","3,855",179,9
888,"JTBarilla
3855","3,855",142,9
888,"R9-Devil
3855","3,855",51,9
893,"xD_MassacreZ
3854","3,854",49,9
893,"UberArchon
3854","3,854",124,9
893,"tymek9112001
3854","3,854",121,9
896,"xxARROW94xx
3853","3,853",14,9
896,"louzen64260
3853","3,853",150,9
896,"marganisourd
3853","3,853",206,9
896,"lolidevilgirl
3853","3,853",119,9
896,"superhacker26
3853","3,853",163,9
901,"xLeegitt-
3852","3,852",180,10
901,"Exiled_Prince
3852","3,852",114,10
903,"IMA__SLAYER
3851","3,851",81,10
903,"Hotblazer777
3851","3,851",47,10
903,"xxLimePledge
3851","3,851",83,10
903,"AnDyMaN0531
3851","3,851",97,10
907,"VEDTX
3850","3,850",188,10
907,"PharahPlays
3850","3,850",254,10
907,"hellenaal
3850","3,850",78,10
907,"FearTheLegend77
3850","3,850",65,10
911,"UKzRoss
3849","3,849",155,10
911,"thepowner123
3849","3,849",44,10
911,"Amazing-Heatz
3849","3,849",54,10
911,"Foxx-Two
3849","3,849",260,10
911,"healsgudman
3849","3,849",109,10
911,"TheNight345
3849","3,849",113,10
911,"Nak2423
3849","3,849",25,10
911,"YoshiRenYTBR
3849","3,849",160,10
919,"KIDrBEST10
3848","3,848",36,10
919,"Shikurikato-
3848","3,848",74,10
919,"ikorusaki
3848","3,848",96,10
919,"Tuwrtlez
3848","3,848",249,10
919,"loux_curse2
3848","3,848",26,10
924,"Barsoap887
3847","3,847",24,10
924,"Broskie_nate
3847","3,847",33,10
924,"Kingbottyfish
3847","3,847",264,10
927,"Hamtaro1799
3846","3,846",80,10
927,"hiphoptrendz
3846","3,846",145,10
927,"lena4tom
3846","3,846",161,10
927,"Mekowannabe
3846","3,846",330,10
927,"BigYellowAlien
3846","3,846",191,10
932,"sword-kline
3845","3,845",129,10
932,"Pink_GlitterGlam
3845","3,845",23,10
932,"Wmiaou
3845","3,845",110,10
932,"xXKiddo_310Xx
3845","3,845",358,10
932,"xItsNeon
3845","3,845",37,10
932,"pokemon3013
3845","3,845",22,10
938,"Nitresz
3844","3,844",197,10
938,"HA1FxL1FE
3844","3,844",362,10
940,"Crataeis
3843","3,843",279,10
940,"Marfiastrikes
3843","3,843",128,10
940,"MagicCowOfDeath
3843","3,843",146,10
940,"RobTheVegan
3843","3,843",42,10
940,"XenoBuddhist
3843","3,843",53,10
940,"OutLaw_Immune
3843","3,843",41,10
946,"zombiemassacre18
3842","3,842",180,10
946,"grifisio9gamer
3842","3,842",30,10
946,"Xx_TrashMouse_xX
3842","3,842",226,10
949,"minifatruben7
3841","3,841",41,10
949,"OCreepyO
3841","3,841",73,10
951,"Gentracy27
3840","3,840",64,10
951,"crazyman648
3840","3,840",95,10
951,"Showtek12345
3840","3,840",115,10
951,"samalamalam17
3840","3,840",69,10
951,"septimussheep
3840","3,840",299,10
956,"Monkeyfeces1414
3839","3,839",80,10
956,"PAQUITOEVIL
3839","3,839",122,10
956,"Wixlee
3839","3,839",89,10
956,"Im_Wrir
3839","3,839",103,10
956,"ripshelby
3839","3,839",426,10
961,"SouthernDragons
3838","3,838",22,10
962,"lnexorable-
3837","3,837",27,10
962,"Emilionare100
3837","3,837",47,10
962,"byabel887
3837","3,837",121,10
962,"inDcent
3837","3,837",290,10
962,"Tatiyx3
3837","3,837",171,10
962,"pept-o-bismol
3837","3,837",17,10
962,"Zombie23Assassin
3837","3,837",143,10
969,"SB3_995
3836","3,836",14,10
969,"mysticmeechy222
3836","3,836",65,10
969,"macemagic
3836","3,836",48,10
969,"Epic-Mangoz
3836","3,836",419,10
973,"Maxs1buck
3835","3,835",100,10
973,"PHANTOMSHOT97
3835","3,835",308,10
973,"Qlympian
3835","3,835",303,10
973,"givka43
3835","3,835",62,10
977,"Genji_Pro_222
3834","3,834",28,10
977,"Shadeling1313
3834","3,834",60,10
977,"Zeus_Extreme007
3834","3,834",79,10
977,"Blair_Salsa
3834","3,834",15,10
981,"royalist_broski
3833","3,833",404,10
981,"BlackShooterr555
3833","3,833",80,10
981,"Shimada_Bros_69
3833","3,833",24,10
981,"Smurf-Factory
3833","3,833",36,10
985,"Coneminautore5
3832","3,832",71,10
985,"Ryujeihong
3832","3,832",40,10
987,"Jayteke
3831","3,831",30,10
987,"ImToxicAndThrow
3831","3,831",56,10
989,"iTheBlackDragon
3830","3,830",130,10
989,"The_Chefs_Choice
3830","3,830",329,10
989,"yaringimp
3830","3,830",27,10
992,"Riney509
3829","3,829",47,10
992,"Matthy112
 3829","3,829",159,10
994,"WarnTTV
3828","3,828",84,10
994,"waterwizz
3828","3,828",87,10
994,"iiCONAN-KWT
3828","3,828",154,10
994,"lukeaberfoyle_
3828","3,828",25,10
994,"KgalaxyGamer
3828","3,828",274,10
999,"Furk4nh4ji
3827","3,827",83,10
999,"ShivaShanti420
3827","3,827",314,10
999,"Deaths_Avatar
3827","3,827",32,11
999,"techey98
3827","3,827",182,11
999,"ShivaShanti420
3827","3,827",314,11
999,"anawesomefish
3827","3,827",20,11
1005,"DarkAngelFlytox
3826","3,826",344,11
1005,"pantofolakiller
3826","3,826",130,11
1005,"LittleBigColm
3826","3,826",189,11
1005,"ShadowEagle__48
3826","3,826",76,11
1005,"Niksu_30
3826","3,826",141,11
1010,"FishermanDill
3825","3,825",118,11
1010,"Demonhunter719
3825","3,825",55,11
1010,"NecRo-_Elo
3825","3,825",139,11
1010,"J-_-Man-_-Swag
3825","3,825",130,11
1010,"Splrnzy
3825","3,825",281,11
1010,"da_big_pinto
3825","3,825",266,11
1010,"cozart0131
3825","3,825",27,11
1017,"packers107
3824","3,824",668,11
1017,"MBKNASTY
3824","3,824",86,11
1017,"ninjaweenie
3824","3,824",131,11
1017,"PuIsjax
3824","3,824",55,11
1017,"TheStrudel_
3824","3,824",23,11
1017,"VoltzV2
3824","3,824",293,11
1017,"Not_FANKDA
3824","3,824",218,11
1024,"DeadlockDev
3823","3,823",19,11
1024,"yeahBrock
3823","3,823",471,11
1024,"Dr-M-Jrad
3823","3,823",206,11
1024,"KillerGaz97
3823","3,823",154,11
1024,"EOOQO
3823","3,823",35,11
1024,"CoolG845
3823","3,823",103,11
1030,"KMaC_25
3822","3,822",536,11
1031,"Lybwen
3821","3,821",93,11
1031,"M3Dksa33
3821","3,821",45,11
1031,"Scumbag_Brad
3821","3,821",34,11
1034,"vidroca
3820","3,820",46,11
1034,"ToxicReaper4567
3820","3,820",137,11
1034,"tomo09052001
3820","3,820",20,11
1034,"TitansBane
3820","3,820",22,11
1034,"Kekarino
3820","3,820",51,11
1034,"Eskimo856
3820","3,820",31,11
1034,"jusrmarfy
3820","3,820",56,11
1034,"AfroLightning-N
3820","3,820",225,11
1034,"lianpedrocarvalh
3820","3,820",172,11
1043,"Little_Bill16
3819","3,819",441,11
1043,"N-03-H
3819","3,819",100,11
1043,"Sixam47
3819","3,819",82,11
1043,"VoltaicityV2
3819","3,819",121,11
1043,"TheMonchey
3819","3,819",239,11
1043,"Ragnar1001
3819","3,819",124,11
1043,"Desertwarrior0
3819","3,819",491,11
1050,"Brian5524
3818","3,818",43,11
1050,"Ryu_Pig
3818","3,818",134,11
1050,"SlicKamui
3818","3,818",35,11
1050,"zomb1e_sl4yer300
3818","3,818",107,11
1050,"iAlpha-00
3818","3,818",91,11
1055,"Tyraxis
3817","3,817",223,11
1055,"DayDay_Rakim
3817","3,817",158,11
1055,"OnlineSection
3817","3,817",70,11
1058,"Kathiun
3816","3,816",206,11
1058,"yoo_jean
3816","3,816",290,11
1058,"ItsUrGirlNebula
3816","3,816",38,11
1058,"frankiesantos75
3816","3,816",33,11
1062,"IAmTheSpooderman
3815","3,815",657,11
1062,"symmetra2066
3815","3,815",183,11
1062,"l-Tyreece-l
3815","3,815",61,11
1062,"Holosight_X
3815","3,815",41,11
1062,"GrillWithSkill
3815","3,815",109,11
1067,"Hibobo54
3814","3,814",201,11
1067,"Mackiavelli1
3814","3,814",69,11
1067,"jjaninan4
3814","3,814",106,11
1067,"AboFaris_19
3814","3,814",32,11
1067,"hossam_stark
3814","3,814",45,11
1072,"ItsJazzyy-
3813","3,813",51,11
1072,"Boske51
3813","3,813",77,11
1072,"yoruxichi
3813","3,813",132,11
1075,"jason_s_575-
3812","3,812",188,11
1075,"Yosey2Waavy
3812","3,812",25,11
1075,"deadbeast54
3812","3,812",500,11
1075,"xXMuffinDUDEXx
3812","3,812",96,11
1075,"ITOXICPLAYER3492
3812","3,812",266,11
1080,"gwlucas1
3811","3,811",76,11
1080,"JHRackett2
3811","3,811",104,11
1080,"PAkSnack
3811","3,811",305,11
1080,"MrSouffrant
3811","3,811",181,11
1080,"Nightmare_Kanto
3811","3,811",125,11
1080,"Hero_2531
3811","3,811",181,11
1086,"AI3B-B3ED
3810","3,810",44,11
1086,"PogchampDVA
3810","3,810",464,11
1086,"lVl_swiZZy
3810","3,810",42,11
1089,"Hmode37
3809","3,809",135,11
1089,"Based_Lord67
3809","3,809",97,11
1089,"SheLoveMyChoppa
3809","3,809",95,11
1089,"Kamii_P
3809","3,809",33,11
1089,"KoreanWife
3809","3,809",145,11
1089,"Hisokuh
3809","3,809",70,11
1089,"takruless
3809","3,809",40,11
1096,"Protagoras960
3808","3,808",20,11
1096,"FluffehHD
3808","3,808",195,11
1096,"Beaver_Cleaners
3808","3,808",111,11
1099,"xNot_Your_Type
3807","3,807",257,11
1099,"KKalon
3807","3,807",43,11
1099,"xNot_Your_Type
3807","3,807",257,12
1099,"KKalon
3807","3,807",43,12
1099,"Overpenetrated
3807","3,807",100,12
1104,"Toonblox
3806","3,806",205,12
1104,"Squallycard20259
3806","3,806",67,12
1104,"jinerous
3806","3,806",62,12
1107,"iHMD
3805","3,805",96,12
1107,"Mr_Yarin010
3805","3,805",91,12
1107,"restlessash
3805","3,805",49,12
1110,"Kiddy_Gamer01
3804","3,804",38,12
1110,"TwitchXIV
3804","3,804",204,12
1110,"squidiuqs
3804","3,804",184,12
1110,"Roeder3
3804","3,804",62,12
1114,"Emurous
3803","3,803",207,12
1114,"wisper23
3803","3,803",99,12
1114,"AliceKojima
3803","3,803",183,12
1114,"QPWarrior
3803","3,803",113,12
1114,"ah_skiski_14
3803","3,803",314,12
1114,"kaderyounes57
3803","3,803",30,12
1114,"cesar4te
3803","3,803",39,12
1114,"Hellixz
3803","3,803",109,12
1122,"IITigerMaDx
3802","3,802",18,12
1122,"sayderloff123
3802","3,802",64,12
1122,"Aqstin
3802","3,802",32,12
1122,"Cazzaskam
3802","3,802",52,12
1122,"WhosDaily
3802","3,802",40,12
1127,"agnt_green
3801","3,801",38,12
1127,"BlackNitrous1
3801","3,801",48,12
1129,"boot_in_mud
3800","3,800",74,12
1129,"Roadhog_Turret
3800","3,800",124,12
1129,"killer_k765
3800","3,800",288,12
1129,"FallenSalvations
3800","3,800",47,12
1129,"i_fahod
3800","3,800",150,12
1134,"DevillManCryBaby
3799","3,799",184,12
1134,"EDargun
3799","3,799",83,12
1134,"Pa-i-n-
3799","3,799",229,12
1134,"ghostdashh
3799","3,799",166,12
1134,"Jeff_Platlan
3799","3,799",71,12
1134,"merinodelgado
3799","3,799",244,12
1134,"Ale-Alejandrox
3799","3,799",114,12
1141,"Xp7Xp
3798","3,798",90,12
1141,"e-MISTAKES
3798","3,798",22,12
1141,"Occhiolist
3798","3,798",24,12
1144,"llTupacll123
3797","3,797",87,12
1144,"DDY2002
3797","3,797",64,12
1146,"xtrickharder_esp
3796","3,796",336,12
1146,"WilyRav
3796","3,796",117,12
1148,"slicvic1993
3795","3,795",120,12
1148,"tkdPhysicist
3795","3,795",57,12
1148,"DareDevil146
3795","3,795",15,12
1151,"killedbyacid02
3794","3,794",77,12
1151,"Rodiiizx
3794","3,794",154,12
1151,"HpInstaller
3794","3,794",44,12
1154,"akachikis
3793","3,793",167,12
1154,"snipe_the_swag13
3793","3,793",147,12
1154,"proto_1
3793","3,793",38,12
1154,"Hershal64
3793","3,793",41,12
1154,"MarkCBNS
3793","3,793",134,12
1154,"amberchicken50
3793","3,793",52,12
1154,"hnodi1234
3793","3,793",169,12
1154,"RAHMANNINJA
3793","3,793",230,12
1162,"GlassFalcon
3792","3,792",32,12
1162,"So_You-Is-A-Rass
3792","3,792",24,12
1162,"Adrian140404
3792","3,792",32,12
1165,"xGRVNNYxTSUNVDEx
3791","3,791",136,12
1165,"natejackson811
3791","3,791",37,12
1165,"noop-smurf
3791","3,791",239,12
1165,"Badb0y_0210
3791","3,791",94,12
1169,"Naotora_HanaBFK
3790","3,790",18,12
1169,"poovoo
3790","3,790",566,12
1169,"Wilfrage
3790","3,790",71,12
1172,"iiTz-7moOod
3789","3,789",31,12
1172,"MidshipCookie2
3789","3,789",105,12
1172,"KingTukr
3789","3,789",17,12
1175,"turtle279
3788","3,788",93,12
1175,"MrCocoDynoBytes
3788","3,788",266,12
1175,"Carltoncation
3788","3,788",124,12
1175,"pinkllamaplaz
3788","3,788",19,12
1175,"Ztaxu
3788","3,788",109,12
1175,"Astricks01
3788","3,788",57,12
1175,"MISS-B9LH
3788","3,788",101,12
1175,"UncleBadTouch34
3788","3,788",93,12
1175,"WashedUpSym
3788","3,788",16,12
1175,"ahh_reumm
3788","3,788",220,12
1185,"XKIRAX826
3787","3,787",23,12
1185,"BuckBuck720
3787","3,787",461,12
1185,"saxels15
3787","3,787",19,12
1185,"JarneOW
3787","3,787",38,12
1189,"beardedisland
3786","3,786",69,12
1189,"HSarc-_-
3786","3,786",29,12
1189,"Thxmas127
3786","3,786",20,12
1189,"IAnDRyZz
3786","3,786",33,12
1193,"Sepsid
3785","3,785",79,12
1193,"HesMKB
3785","3,785",132,12
1193,"Oh-Tantrums
3785","3,785",140,12
1196,"Intrinsic-Design
3784","3,784",24,12
1196,"Mystogan137
3784","3,784",309,12
1196,"richard0981422
3784","3,784",467,12
1196,"Juansu97
3784","3,784",233,12
1196,"Rewind_XScopesX
3784","3,784",221,12
1196,"Mystogan137
3784","3,784",309,13
1202,"Alkaidd
3783","3,783",136,13
1202,"msptally
3783","3,783",324,13
1202,"Depraved-x
3783","3,783",26,13
1202,"Luckie_BR
3783","3,783",101,13
1202,"red_angel03
3783","3,783",48,13
1202,"PlaySoso02
3783","3,783",231,13
1202,"Xx_Omega_1_xX-
3783","3,783",121,13
1209,"Doreetoes
3782","3,782",73,13
1210,"JEFEnarutim
3781","3,781",16,13
1210,"badings
3781","3,781",102,13
1210,"airblade5
3781","3,781",270,13
1210,"Jeff87356
3781","3,781",103,13
1210,"Hitasumi-
3781","3,781",111,13
1210,"lubranovic
3781","3,781",29,13
1210,"Mel_TheWork
3781","3,781",106,13
1210,"h8moshofficial
3781","3,781",148,13
1218,"BigTimeGamer0027
3780","3,780",315,13
1218,"Pegasus_11X
3780","3,780",67,13
1218,"QS_Cactus
3780","3,780",29,13
1218,"SackbotEthan
3780","3,780",57,13
1218,"doglover360
3780","3,780",55,13
1223,"SyberDrones
3779","3,779",40,13
1223,"cjwait
3779","3,779",37,13
1223,"video_games567
3779","3,779",30,13
1226,"skullbasher015
3778","3,778",224,13
1226,"SleepTight88BLN
3778","3,778",138,13
1226,"xsodadx
3778","3,778",57,13
1226,"EverLopez98
3778","3,778",120,13
1226,"Gamer645pro123
3778","3,778",58,13
1231,"M_O_H_N_A_D_H_D
3777","3,777",398,13
1231,"WackyWinchester
3777","3,777",82,13
1231,"Ghost-Of-Arab
3777","3,777",117,13
1231,"RL-Khaled
3777","3,777",20,13
1231,"Star8kill3r115
3777","3,777",193,13
1236,"Jai_Royalty
3776","3,776",21,13
1236,"qtShoo
3776","3,776",526,13
1236,"Calveryy
3776","3,776",97,13
1236,"Clouded2K
3776","3,776",170,13
1240,"gamefreak_215
3775","3,775",63,13
1240,"a_penguin2319
3775","3,775",277,13
1240,"radec31
3775","3,775",226,13
1240,"GEORGE-1124
3775","3,775",74,13
1240,"vShank-x
3775","3,775",263,13
1245,"RRoseSSniper
3774","3,774",25,13
1245,"komaleon07
3774","3,774",293,13
1245,"NoHanzoPleaseThx
3774","3,774",20,13
1245,"die3kraus
3774","3,774",221,13
1245,"Whowantwhatwidi
3774","3,774",57,13
1245,"Noam_Chomsky46
3774","3,774",72,13
1251,"Zenyatteli-_-
3773","3,773",309,13
1251,"otosnitram
3773","3,773",227,13
1251,"BeastlyPlays
3773","3,773",21,13
1251,"MistahPrestige
3773","3,773",145,13
1251,"BarnacleBoy821
3773","3,773",93,13
1251,"mvjeeed
3773","3,773",172,13
1251,"Fabio_Bennet
3773","3,773",22,13
1251,"GaaraSabakuno99
3773","3,773",22,13
1251,"enemyAC130_above
3773","3,773",285,13
1260,"MRowshan_01
3772","3,772",109,13
1260,"apetrally
3772","3,772",48,13
1262,"Toxic_Joker179
3771","3,771",83,13
1262,"Weeenston
3771","3,771",43,13
1264,"TheMechanist2277
3770","3,770",34,13
1264,"abu_abdulah99
3770","3,770",36,13
1264,"unfunnn
3770","3,770",114,13
1264,"mozbaby
3770","3,770",15,13
1264,"pvpkillerpie
3770","3,770",148,13
1264,"xBUVERTx_25
3770","3,770",66,13
1270,"CobaltF4
3769","3,769",317,13
1270,"rezn0158
3769","3,769",71,13
1270,"beccr
3769","3,769",167,13
1270,"Slushuu
3769","3,769",71,13
1270,"sultansahoud2001
3769","3,769",212,13
1270,"Beast_Tactiks
3769","3,769",58,13
1270,"Minotourr
3769","3,769",23,13
1270,"eileen-jellybean
3769","3,769",117,13
1278,"K1Ki_M1nAj
3768","3,768",19,13
1278,"Benza12792
3768","3,768",62,13
1278,"nxxhlx
3768","3,768",58,13
1278,"ThyRisK
3768","3,768",98,13
1278,"HeroesNeverDie42
3768","3,768",31,13
1278,"I3arlos
3768","3,768",107,13
1278,"Keyboard_Loli
3768","3,768",146,13
1278,"XxBudget_Wraxu
3768","3,768",79,13
1286,"Doghearted99
3767","3,767",159,13
1286,"Cap7SOON
3767","3,767",501,13
1286,"sophiedion66
3767","3,767",156,13
1286,"KCvet02
3767","3,767",19,13
1286,"AirAlmond40
3767","3,767",27,13
1291,"Vimnem
3766","3,766",62,13
1291,"dubman690
3766","3,766",151,13
1291,"SonOfGuns12
3766","3,766",179,13
1291,"dragon_crests4-2
3766","3,766",50,13
1291,"DeAtH_GaMEr18
3766","3,766",145,13
1291,"Dpaikk
3766","3,766",73,13
1291,"Jorisvvv
3766","3,766",34,13
1291,"Bmongsamong
3766","3,766",133,13
1291,"Franciscoo-
3766","3,766",92,13
1300,"Asian_cow_FTW
3765","3,765",31,13
1300,"Asian_cow_FTW
3765","3,765",31,14
1300,"NarcolepticWolf
3765","3,765",43,14
1300,"Tonio_Cruz
3765","3,765",127,14
1300,"ShiftyMcTwist
3765","3,765",144,14
1300,"bloOd_killa12347
3765","3,765",289,14
1300,"austymatt_94
3765","3,765",127,14
1300,"ESPARTANO__157
3765","3,765",150,14
1300,"TrinityAkia
3765","3,765",76,14
1300,"scottnoodle658
3765","3,765",33,14
1300,"CALVINI6
3765","3,765",68,14
1311,"imcrawlyn69
3764","3,764",242,14
1311,"jonny323g5577
3764","3,764",42,14
1311,"JohannSevass74
3764","3,764",21,14
1311,"teniko91
3764","3,764",49,14
1315,"Prince_OW
3763","3,763",194,14
1315,"xX_RiT_aBoodi_Xx
3763","3,763",265,14
1315,"Onlydoomfistlol
3763","3,763",32,14
1315,"BoostingGirls
3763","3,763",111,14
1315,"Ard9802
3763","3,763",121,14
1320,"KiNGARON7
3762","3,762",25,14
1320,"KalashniikoV_PT
3762","3,762",65,14
1320,"Astrick__Skyy
3762","3,762",218,14
1323,"Uptightlime5
3761","3,761",57,14
1323,"dodii331
3761","3,761",86,14
1323,"audithehottie
3761","3,761",54,14
1323,"sidjuniour27994
3761","3,761",28,14
1323,"and77sam
3761","3,761",263,14
1323,"JTBEASTY8890
3761","3,761",143,14
1329,"genjomadamada
3760","3,760",43,14
1329,"amurner20
3760","3,760",92,14
1329,"DARKVoIT
3760","3,760",140,14
1329,"Don-tCryBaby
3760","3,760",58,14
1329,"Angry_Keldeo
3760","3,760",56,14
1334,"IEnraveI
3759","3,759",86,14
1334,"Zynshine
3759","3,759",191,14
1334,"Meowira
3759","3,759",182,14
1334,"Lycranikus89
3759","3,759",79,14
1334,"itchyrashes12
3759","3,759",95,14
1339,"ClutchGamer_94
3758","3,758",58,14
1339,"Kegeoji
3758","3,758",58,14
1339,"mastahjumpah
3758","3,758",124,14
1339,"SuperStoner187
3758","3,758",29,14
1339,"EyesOnReaper
3758","3,758",59,14
1344,"codgamer2469
3757","3,757",63,14
1345,"AlphaLog_1
3756","3,756",234,14
1345,"PinkBxnny
3756","3,756",36,14
1345,"TH3FVLLENON3
3756","3,756",203,14
1345,"Condemned_Crysis
3756","3,756",177,14
1345,"tenzelinkz2
3756","3,756",321,14
1345,"RySu_tv
3756","3,756",435,14
1345,"mertkazim
3756","3,756",18,14
1345,"MariSuma
3756","3,756",289,14
1353,"MrGuppy67
3755","3,755",198,14
1353,"MalTheLucario
3755","3,755",56,14
1353,"NachozMan03
3755","3,755",170,14
1353,"imparadoxx
3755","3,755",103,14
1353,"sy40902
3755","3,755",66,14
1353,"KameGenji
3755","3,755",34,14
1359,"xMICK3Y_MOUSE13
3754","3,754",193,14
1359,"chridy64
3754","3,754",20,14
1359,"rocboomboom
3754","3,754",49,14
1362,"I-Reloads-I
3753","3,753",30,14
1362,"allardovich
3753","3,753",228,14
1362,"LakeOfDucks
3753","3,753",161,14
1362,"WNDRDisplay
3753","3,753",55,14
1362,"Raza-_-Baza-_-01
3753","3,753",46,14
1362,"Raptoorius
3753","3,753",31,14
1362,"ThatSavagePanda0
3753","3,753",266,14
1362,"Claire_lRedfield
 3753","3,753",485,14
1370,"james_aka_Bull
3752","3,752",152,14
1370,"SherBear_21
3752","3,752",95,14
1370,"Dirty_Dan123
3752","3,752",38,14
1373,"gabewise02
3751","3,751",359,14
1373,"BerniMedi
3751","3,751",94,14
1373,"Lindblood
3751","3,751",144,14
1373,"SerranoJ-
3751","3,751",455,14
1373,"ScarlettEK
3751","3,751",153,14
1373,"AeRo_Sage
3751","3,751",112,14
1379,"davorox1234
3750","3,750",155,14
1379,"DreamOfMyMemes
3750","3,750",83,14
1379,"TheLastTrojan_4
3750","3,750",126,14
1379,"Zlayer1353
3750","3,750",65,14
1379,"omgcassie
3750","3,750",160,14
1379,"SIMEONTODOROV
3750","3,750",64,14
1385,"pablo2977
3749","3,749",164,14
1385,"pam515
3749","3,749",50,14
1385,"J-Bird31
3749","3,749",17,14
1385,"JaWaPa
3749","3,749",289,14
1385,"abyngo
3749","3,749",94,14
1390,"Beastmode0522200
3748","3,748",280,14
1390,"water-robot
3748","3,748",53,14
1390,"gotmedying709
3748","3,748",165,14
1390,"Zexri
3748","3,748",41,14
1394,"Budget_Meme
3747","3,747",174,14
1394,"TISxDope
3747","3,747",521,14
1394,"AKiwuvsalad
3747","3,747",35,14
1394,"Lazureth
3747","3,747",156,14
1394,"WRVRW
3747","3,747",24,14
1394,"princess_in_blue
3747","3,747",56,14
1394,"Avelliaa
3747","3,747",65,14
1394,"Genjeezus
3747","3,747",41,15
1394,"xlaber
3747","3,747",228,15
1403,"hetrl-x
3746","3,746",45,15
1403,"toxicwaste509
3746","3,746",118,15
1405,"Viiolettes
3745","3,745",54,15
1405,"oPeTk
3745","3,745",409,15
1405,"TrashPlayer1414
3745","3,745",88,15
1408,"Debrrouillard
3744","3,744",52,15
1408,"iifaris02
3744","3,744",221,15
1408,"XDriftdragsterX
3744","3,744",513,15
1411,"ExZiiTx
3743","3,743",32,15
1411,"ironaids_real
3743","3,743",108,15
1411,"Xlivq
3743","3,743",73,15
1411,"elix_22_ceb
3743","3,743",54,15
1411,"Squester-_-
3743","3,743",65,15
1411,"ExV_MaGicK
3743","3,743",349,15
1411,"Mathis347
3743","3,743",261,15
1411,"YoungSpark27
3743","3,743",48,15
1419,"goffredus98
3742","3,742",201,15
1419,"MW2_2001
3742","3,742",174,15
1419,"jtm595
3742","3,742",180,15
1419,"AnxietyMP3
3742","3,742",48,15
1423,"rikou109
3741","3,741",151,15
1423,"ixNumb
3741","3,741",32,15
1423,"unitedstateso106
3741","3,741",42,15
1426,"RadikaleBirne
3740","3,740",196,15
1426,"Shockade_Rage
3740","3,740",141,15
1426,"pokewixx
3740","3,740",76,15
1426,"assketchem
3740","3,740",116,15
1426,"LVsJustice
3740","3,740",264,15
1426,"dubleyou8k2
3740","3,740",198,15
1432,"LGuess_WhoL
3739","3,739",72,15
1432,"SM_Tapiaas
3739","3,739",114,15
1432,"midgetmat96
3739","3,739",46,15
1432,"Toblersum
3739","3,739",63,15
1432,"Kdxxg
3739","3,739",116,15
1437,"zaiikuma
3738","3,738",23,15
1437,"Gr_mble
3738","3,738",101,15
1439,"MR_FRESCH_
3737","3,737",108,15
1439,"nyarfs
3737","3,737",245,15
1439,"EhhFreezy
3737","3,737",24,15
1439,"xMunicho
3737","3,737",41,15
1439,"Crocodile-br
3737","3,737",17,15
1439,"Sniper-Penguin55
3737","3,737",320,15
1439,"SeobabyGoguma
3737","3,737",168,15
1439,"TTVbtw_lilpapira
3737","3,737",125,15
1439,"Meimain17
3737","3,737",25,15
1448,"daniel5899
3736","3,736",131,15
1448,"thescheme420
3736","3,736",265,15
1448,"Cassina-6220
3736","3,736",17,15
1448,"Mikeybratzo
3736","3,736",98,15
1452,"UncleChino661
3735","3,735",26,15
1452,"RaedHCG
3735","3,735",83,15
1452,"Steads6
3735","3,735",43,15
1452,"F4shScOP
3735","3,735",232,15
1452,"WiseFighter01
3735","3,735",94,15
1457,"zFonty
3734","3,734",235,15
1457,"Creeper982
3734","3,734",117,15
1457,"kranos666_666
3734","3,734",44,15
1457,"Osokin3nmg
3734","3,734",313,15
1461,"somyeol-_-
3733","3,733",67,15
1461,"ELxREYxPR
3733","3,733",143,15
1461,"oKrispy-
3733","3,733",57,15
1464,"Yukithefox
3732","3,732",133,15
1464,"Aceventrica
3732","3,732",91,15
1464,"baslokia77
3732","3,732",12,15
1467,"No_ThoughtHD
3731","3,731",130,15
1468,"AsheyKnees
3730","3,730",74,15
1468,"Vennom_Rampage
3730","3,730",536,15
1468,"LONGMANNEO
 3730","3,730",21,15
1468,"JuniorPakas
3730","3,730",232,15
1472,"xXBeastElementxX
3729","3,729",114,15
1472,"XTXSHADOW
3729","3,729",67,15
1472,"il_King_M_li
3729","3,729",156,15
1472,"Juanfra_XP
3729","3,729",15,15
1472,"DCJDL78
3729","3,729",63,15
1472,"Abeyancess
3729","3,729",114,15
1478,"NAWAFx3zZzZ
3728","3,728",118,15
1478,"O_C_T_X
3728","3,728",45,15
1478,"AlexDunphy_
3728","3,728",321,15
1481,"Screech-99
3727","3,727",121,15
1481,"LoCoBoY503
3727","3,727",22,15
1481,"OxY_RaiZz
3727","3,727",26,15
1484,"mercyhardt
3726","3,726",511,15
1484,"FPS_Killer_2
3726","3,726",42,15
1484,"Jneeds21
3726","3,726",225,15
1484,"DeathWing_77
3726","3,726",316,15
1484,"Poyo-R9
3726","3,726",38,15
1484,"DeputyKitsune
3726","3,726",27,15
1484,"nathan_352
3726","3,726",110,15
1484,"Flower_Boy-_-
3726","3,726",102,15
1492,"TOPDOG-POPS-YOU
3725","3,725",410,15
1492,"mdmly121
3725","3,725",18,15
1492,"Xx_Gandude33_xX
3725","3,725",45,15
1492,"RaphaelZ05
3725","3,725",59,15
1492,"iRnguyener
3725","3,725",198,15
1492,"Tate0012
3725","3,725",37,15
1492,"Reztuvion
3725","3,725",257,15
1499,"nikemonster987
3724","3,724",30,15
1499,"JimangiEmperor
3724","3,724",68,15
1499,"ShroomyShuckle36
3724","3,724",90,16
1499,"Winston-_-I
3724","3,724",185,16
1499,"Binonator
3724","3,724",153,16
1499,"JimangiEmperor
3724","3,724",68,16
1499,"senorsashimi
3724","3,724",46,16
1499,"Wiintxr--
3724","3,724",162,16
1499,"Krampus702
3724","3,724",33,16
1499,"Faucon-Mille
3724","3,724",79,16
1509,"jowitosol
3723","3,723",110,16
1509,"TehKevo
3723","3,723",46,16
1509,"TheChoosenTwice
3723","3,723",24,16
1509,"VE_MI_LO
3723","3,723",22,16
1509,"DigitalPandaa
3723","3,723",290,16
1509,"HalfwayNova
3723","3,723",22,16
1509,"DeathSeeker179
3723","3,723",58,16
1516,"AJHackr
3722","3,722",186,16
1516,"swagadon6969
3722","3,722",102,16
1516,"MrPoNyGuY
3722","3,722",115,16
1516,"Risky__Jr
3722","3,722",59,16
1516,"PineAppleManMan
3722","3,722",84,16
1516,"manwolf5000
3722","3,722",434,16
1522,"ShikariStampede
3721","3,721",28,16
1522,"jaaalissa
3721","3,721",266,16
1522,"jacoobi_lemmon
3721","3,721",119,16
1522,"HAPPYFEETisthe1
3721","3,721",90,16
1522,"Elvemagepkz
3721","3,721",274,16
1527,"TxiiZ1
3720","3,720",303,16
1527,"FLAMING_EGGROLE
3720","3,720",84,16
1527,"Smitten_Kittens_
3720","3,720",279,16
1527,"dykeless
3720","3,720",137,16
1527,"Prodigyibc775
3720","3,720",45,16
1527,"Xeno-int
3720","3,720",201,16
1527,"Fahadjb
3720","3,720",174,16
1527,"dntdrpthtdundun
3720","3,720",26,16
1527,"Im_Daddy_Lucio
3720","3,720",162,16
1527,"NeSchkOo
3720","3,720",46,16
1527,"sucukboy2000
3720","3,720",251,16
1527,"im_Lag_
3720","3,720",75,16
1539,"CLBGhost
3719","3,719",31,16
1539,"Smack-Princezito
3719","3,719",120,16
1539,"Yoomply
3719","3,719",171,16
1539,"the_killerclown
3719","3,719",30,16
1539,"I_carry_4nudez
3719","3,719",161,16
1539,"D3_aarz
3719","3,719",72,16
1545,"bbto211
3718","3,718",30,16
1545,"Electricviperv3
3718","3,718",33,16
1545,"DanielsDay
3718","3,718",21,16
1545,"KoolioAL23
3718","3,718",23,16
1545,"roby_5quad
3718","3,718",133,16
1550,"VexPaladin
3717","3,717",33,16
1551,"xHmoud
3716","3,716",102,16
1551,"AcMeLeTHaLz
3716","3,716",126,16
1551,"SkizGravity
3716","3,716",422,16
1551,"kookaburrapro
3716","3,716",33,16
1551,"Okonomiyakistaff
3716","3,716",53,16
1556,"Everardo_801
3715","3,715",402,16
1556,"M7MD-RAGAL
3715","3,715",72,16
1556,"Noe2423
 3715","3,715",70,16
1556,"Lambster53674
3715","3,715",194,16
1556,"TakedaDragon
3715","3,715",31,16
1556,"CodPro1245
3715","3,715",44,16
1556,"Kayuun2k
3715","3,715",141,16
1556,"Kirsi9454
3715","3,715",45,16
1556,"MissCatHands
3715","3,715",190,16
1556,"KORZ-P
3715","3,715",44,16
1556,"AnimeWar-
3715","3,715",32,16
1567,"LaHunted
3714","3,714",63,16
1567,"LeeLamb47
3714","3,714",18,16
1567,"xSz_Aguero_10
3714","3,714",27,16
1570,"XadTV
3713","3,713",53,16
1570,"bandgeek0912
3713","3,713",131,16
1570,"mig130301
3713","3,713",58,16
1570,"KephriiWannaBe
3713","3,713",47,16
1570,"RyantheCreative
3713","3,713",383,16
1570,"MatteoXPro
3713","3,713",40,16
1570,"Lusifir
3713","3,713",23,16
1570,"JHLCroft
3713","3,713",77,16
1570,"lock5899
3713","3,713",283,16
1579,"KING-wei
3712","3,712",28,16
1579,"drinktears-
3712","3,712",294,16
1579,"zombiekill56
3712","3,712",363,16
1579,"TwoVelocity
3712","3,712",19,16
1579,"ShinxIcarus
3712","3,712",158,16
1584,"pHySiCaL-_-MoDs
3711","3,711",58,16
1584,"GameLoverSVK
3711","3,711",39,16
1584,"ok_natalieee
3711","3,711",32,16
1584,"gkorell
3711","3,711",30,16
1584,"Soltan4000
3711","3,711",38,16
1584,"chaset1524
3711","3,711",288,16
1584,"Its_Seagull
3711","3,711",39,16
1591,"Mama_Mercy
3710","3,710",305,16
1591,"Laytila
3710","3,710",35,16
1591,"JERRY_X008
3710","3,710",121,16
1591,"LookImAss
 3710","3,710",301,16
1591,"Vrywo_o
3710","3,710",505,16
1591,"gtrf78889
3710","3,710",314,16
1591,"Ury_123
3710","3,710",150,16
1591,"Pixshel
3710","3,710",83,16
1591,"lakoumisterm
3710","3,710",49,16
1600,"wow_pow1
3709","3,709",89,16
1600,"JoCo_Play
3709","3,709",27,17
1600,"PlzSwitchBro
3709","3,709",22,17
1600,"U_maD_brooooo420
3709","3,709",35,17
1600,"aziz_sdn
3709","3,709",16,17
1600,"iByPower
3709","3,709",60,17
1600,"FoudraFR
3709","3,709",69,17
1607,"Veyakozaurio
3708","3,708",20,17
1607,"faris_________1_
3708","3,708",83,17
1607,"NotSwitch1ng
3708","3,708",322,17
1607,"ShpingusOwns
3708","3,708",29,17
1607,"OhMaGawdChipotle
3708","3,708",130,17
1607,"xSighxE
3708","3,708",15,17
1607,"MorbidlyThicc
3708","3,708",31,17
1614,"EurukCrowsEye
3707","3,707",114,17
1614,"STONYHEART-29
3707","3,707",125,17
1614,"alvaro911
3707","3,707",25,17
1617,"pujols01231
3706","3,706",44,17
1617,"jean-thug-2015
3706","3,706",123,17
1617,"NaturesEyes
3706","3,706",236,17
1617,"daddysprite
3706","3,706",144,17
1621,"JellySpleens
3705","3,705",105,17
1621,"J_BEAST_007
3705","3,705",276,17
1621,"aves242
3705","3,705",35,17
1621,"I_Can_Be_Nice
3705","3,705",80,17
1621,"zaya0114
3705","3,705",30,17
1621,"CryingLoneWolf
3705","3,705",66,17
1621,"Escalastion
3705","3,705",103,17
1628,"PhoenixSlayer935
3704","3,704",24,17
1628,"xxEvilSkull11xx
3704","3,704",225,17
1628,"I_Ruler_of_Games
3704","3,704",282,17
1628,"No_Sleep3
3704","3,704",30,17
1628,"McXeno
3704","3,704",142,17
1633,"SirMile
3703","3,703",108,17
1633,"ravensfan21784
3703","3,703",54,17
1633,"sirr_24
3703","3,703",42,17
1633,"TragicPvp_YT
3703","3,703",62,17
1633,"Cleverdeahn
3703","3,703",25,17
1633,"Noa-Zitu
3703","3,703",120,17
1633,"Salem-uwu
3703","3,703",46,17
1633,"kenziecahill
3703","3,703",60,17
1633,"Vicluma
3703","3,703",245,17
1633,"gamerjackiechan2
3703","3,703",28,17
1643,"Bean_QQ
3702","3,702",138,17
1643,"DAICON2003
3702","3,702",41,17
1643,"ITZZZxTRU3
3702","3,702",21,17
1643,"Remy_OW
3702","3,702",87,17
1647,"Idonttalkshh
3701","3,701",58,17
1647,"OneUnhappyTedy
3701","3,701",58,17
1647,"Ransbury
3701","3,701",103,17
1647,"Four_Da_Kids
3701","3,701",64,17
1647,"Dovicos
3701","3,701",54,17
1652,"IKILLSTAR
3700","3,700",205,17
1652,"saleh9500
3700","3,700",89,17
1652,"OPminecraft2004
3700","3,700",121,17
1652,"iPlayWidowALOT
3700","3,700",32,17
1652,"filippocianci002
3700","3,700",310,17
1657,"Naardd
3699","3,699",76,17
1657,"bouts33
3699","3,699",41,17
1657,"msrhGoBlue
3699","3,699",35,17
1657,"Xx_LLCOOL_xX
3699","3,699",81,17
1661,"BowDiddy
3698","3,698",362,17
1661,"meepmeep03
3698","3,698",50,17
1661,"YouTuberFAN_
3698","3,698",32,17
1661,"hulkhogan511
3698","3,698",198,17
1665,"ziggstern7
3697","3,697",88,17
1665,"SupaSekc
3697","3,697",133,17
1665,"Flying__Burrito_
3697","3,697",105,17
1665,"TOP-500-WIDOW
3697","3,697",157,17
1669,"Minorzelf
3696","3,696",37,17
1669,"Drakengard32
3696","3,696",87,17
1669,"Ian21Calhoun
3696","3,696",26,17
1669,"Half--Chub
3696","3,696",183,17
1673,"mP_Phenom
3695","3,695",17,17
1673,"Joblesscloth463
3695","3,695",71,17
1673,"playforcarry
3695","3,695",37,17
1673,"hitwomannj
3695","3,695",112,17
1673,"Razor1O1x
3695","3,695",143,17
1673,"Dead_Ripper_329
3695","3,695",43,17
1673,"PredatorrXV
3695","3,695",63,17
1680,"Ismail_H_786
3694","3,694",298,17
1680,"t123435
3694","3,694",23,17
1680,"GenoKILLER-GHOST
3694","3,694",361,17
1680,"ThatOneShyGuy190
3694","3,694",136,17
1680,"devinlee12
3694","3,694",229,17
1685,"Doony_C7
3693","3,693",24,17
1685,"ANCILLARYPLAYER
3693","3,693",13,17
1685,"Otakuroi
3693","3,693",57,17
1685,"Xxz3abi
3693","3,693",95,17
1685,"z_Henr
3693","3,693",120,17
1685,"Incoming_Memes
3693","3,693",51,17
1691,"Culix-x
3692","3,692",85,17
1691,"Just_a_kid_2005
 3692","3,692",70,17
1691,"Porteri-_-iWolf
3692","3,692",176,17
1691,"firedragonbish
3692","3,692",28,17
1691,"Beast56200
3692","3,692",305,17
1691,"Mr_Awesomo00
3692","3,692",49,17
1691,"AJH112
3692","3,692",14,17
1691,"WhiteRangerOwnz
3692","3,692",293,17
1699,"Bonboy220
3691","3,691",216,17
1699,"A_MillionRoses
3691","3,691",73,17
1699,"iDrAZ_
3691","3,691",103,18
1699,"A_MillionRoses
3691","3,691",73,18
1699,"vfries-
3691","3,691",29,18
1699,"iiUphill
3691","3,691",62,18
1705,"CaptainCentralA
3690","3,690",42,18
1705,"TruthfullyCool
3690","3,690",77,18
1705,"Peengobl1n
3690","3,690",54,18
1705,"Hugo6Bulle
3690","3,690",72,18
1709,"STONEYYBALONEYY
3689","3,689",61,18
1709,"hshii
3689","3,689",60,18
1709,"Ki1ro301
3689","3,689",61,18
1709,"burgerflippr420
3689","3,689",26,18
1709,"UnexpectedK
3689","3,689",20,18
1714,"xRhys234
3688","3,688",46,18
1714,"Comportement78
3688","3,688",120,18
1714,"meepmeep17
3688","3,688",38,18
1717,"NUOOF_66
3687","3,687",24,18
1717,"BrooklynPlayer1
3687","3,687",195,18
1717,"TerryHakase
3687","3,687",289,18
1717,"AddyPopper
3687","3,687",50,18
1717,"The-KillerShark
3687","3,687",388,18
1722,"RENADs3
3686","3,686",22,18
1722,"xxFightAwayxx
3686","3,686",37,18
1722,"JonnyTheJet13
3686","3,686",26,18
1722,"MnM_Man
3686","3,686",76,18
1722,"Distill-_-
3686","3,686",96,18
1727,"iVaderr
3685","3,685",425,18
1727,"TristanGaming923
3685","3,685",19,18
1727,"ImmortalLasagne
3685","3,685",123,18
1727,"nordmenn2511
3685","3,685",70,18
1727,"GTAlex19
3685","3,685",55,18
1732,"Albacerrada
3684","3,684",78,18
1732,"PapaBoostio
3684","3,684",111,18
1732,"mazterlalalman
3684","3,684",48,18
1735,"WRA_LASTSTANDING
3683","3,683",136,18
1735,"GhoulGod101
3683","3,683",75,18
1735,"dark-blade345
3683","3,683",44,18
1735,"captain1delta
3683","3,683",138,18
1735,"Danzuer_
3683","3,683",349,18
1735,"IO_JEV
3683","3,683",46,18
1735,"PetJay98
3683","3,683",28,18
1735,"quackduck402
3683","3,683",77,18
1743,"PeliYester
3682","3,682",151,18
1743,"l_TheDictat0r_l
3682","3,682",31,18
1743,"itsJowe03
3682","3,682",22,18
1743,"OneWingedDevil7
3682","3,682",35,18
1743,"Hosenpheffer
3682","3,682",26,18
1743,"jwesterg1
3682","3,682",195,18
1743,"SoccerMEH5
3682","3,682",181,18
1743,"baandroide
3682","3,682",110,18
1751,"BrigittesGay
3681","3,681",58,18
1751,"Inmortal_935
3681","3,681",198,18
1751,"phantomkil64
3681","3,681",15,18
1751,"berryjay2
3681","3,681",43,18
1751,"A_SimpleSmurf
3681","3,681",33,18
1751,"Darrzx
3681","3,681",167,18
1757,"KyKi123
3680","3,680",124,18
1757,"PLTNM_HD
3680","3,680",67,18
1757,"CoChiNoo415
3680","3,680",218,18
1757,"Phelonyyy
3680","3,680",115,18
1757,"BLAKE_RD
3680","3,680",142,18
1757,"viktatorio600
3680","3,680",133,18
1763,"xAcrophobia
3679","3,679",93,18
1763,"xGameBrox
3679","3,679",29,18
1763,"Happybasket1
3679","3,679",191,18
1763,"iron0highd
3679","3,679",19,18
1763,"MrRavaz101
3679","3,679",151,18
1768,"Chavez_357
3678","3,678",386,18
1768,"hanna_is_blonde
3678","3,678",111,18
1768,"julianwidjaja01
3678","3,678",58,18
1768,"stormnazy
3678","3,678",62,18
1768,"S-42799
3678","3,678",28,18
1768,"HeyItsNali
3678","3,678",10,18
1774,"Dan_the_man36
3677","3,677",330,18
1774,"mmialewis
3677","3,677",245,18
1774,"RobynneChick
3677","3,677",125,18
1774,"PiNKTurtlez
3677","3,677",19,18
1774,"Void_Harambe
3677","3,677",38,18
1774,"bigbootyheubert
3677","3,677",96,18
1774,"beastoutOV
3677","3,677",105,18
1781,"SLxKingCT
3676","3,676",307,18
1781,"bigly96
3676","3,676",25,18
1781,"TheGhada
3676","3,676",36,18
1781,"jlaff0308
3676","3,676",24,18
1781,"vanillamochi
3676","3,676",44,18
1786,"XOXOOXOX99
3675","3,675",19,18
1786,"The_3rdKid_Icon
3675","3,675",34,18
1786,"xWam_
3675","3,675",84,18
1786,"Cool22639
3675","3,675",101,18
1786,"DatAssJaquan
3675","3,675",112,18
1791,"z_smirtin
3674","3,674",101,18
1791,"Its_TheOtherGuy
3674","3,674",32,18
1791,"MrPeacockGymlad
3674","3,674",16,18
1794,"talkingdead11
3673","3,673",31,18
1794,"akaStarbucks
3673","3,673",34,18
1794,"BLACK_WOLF_0505
3673","3,673",94,18
1794,"Noobtracertbh
3673","3,673",85,18
1798,"battylittleste2
3672","3,672",180,18
1798,"WidowIsMyWaifu
3672","3,672",27,18
1798,"nadiateresa
3672","3,672",58,18
1798,"YaBoyTKO
3672","3,672",215,19
1798,"nadiateresa
3672","3,672",58,19
1798,"battylittleste2
3672","3,672",180,19
1804,"SmafflesNWaffles
3671","3,671",57,19
1804,"GunBlood222
3671","3,671",117,19
1804,"NooBZ_WarMacHinE
3671","3,671",32,19
1804,"iWubbzies
3671","3,671",38,19
1804,"mattycron3
3671","3,671",50,19
1809,"MsBrazilll
3670","3,670",159,19
1809,"StrikerK34
3670","3,670",31,19
1809,"itzTerzy
3670","3,670",70,19
1809,"DaLeXiS--
3670","3,670",343,19
1809,"I3raiNfreezE
3670","3,670",231,19
1809,"O-star2005
3670","3,670",128,19
1809,"dleh10
3670","3,670",387,19
1816,"gagegage11
3669","3,669",116,19
1816,"Repzo-
3669","3,669",73,19
1816,"Bumper_Jr
3669","3,669",46,19
1816,"melodiaz19
3669","3,669",143,19
1820,"ifeedmiix
3668","3,668",39,19
1821,"rob34
3667","3,667",59,19
1821,"VDx101st
3667","3,667",85,19
1821,"gisaninz
3667","3,667",65,19
1821,"KingSwerve-
3667","3,667",114,19
1821,"smolo1988_PL
 3667","3,667",86,19
1821,"gpinitaly
3667","3,667",48,19
1827,"ripdoomfist
3666","3,666",87,19
1827,"lPaiiNxA
3666","3,666",104,19
1827,"NACHO_CAMACHO-_-
3666","3,666",138,19
1827,"HomeMadeWaffIes
3666","3,666",17,19
1827,"Sniper231203
3666","3,666",112,19
1832,"Summerpinkk2099
3665","3,665",28,19
1832,"xScHiFv1
3665","3,665",144,19
1832,"GrimJow316
3665","3,665",81,19
1832,"J1m1nyCricket
3665","3,665",228,19
1832,"TheBolognaBagel
3665","3,665",46,19
1832,"A7mad_alfailkawy
3665","3,665",83,19
1832,"King_Slayer_Kian
3665","3,665",68,19
1839,"goodwillpolos
3664","3,664",24,19
1839,"MonkeyMason75
3664","3,664",31,19
1839,"rahamkz
3664","3,664",74,19
1839,"FloopthePiggy
3664","3,664",28,19
1839,"XpikachuuaX
3664","3,664",41,19
1839,"amer_op
3664","3,664",356,19
1845,"ZARYABUTTFCkme
3663","3,663",86,19
1845,"BrofessorGenji
3663","3,663",56,19
1845,"cutegirl21xD
3663","3,663",163,19
1845,"yotam_levit
3663","3,663",173,19
1845,"Hanzoplz
3663","3,663",34,19
1845,"This-Is-Heather
3663","3,663",309,19
1851,"goofytooth123
3662","3,662",64,19
1851,"wasdor66
3662","3,662",80,19
1851,"ataken098
3662","3,662",110,19
1851,"xPqst
3662","3,662",126,19
1851,"AwesomeWinter
3662","3,662",144,19
1856,"DeadassVro
3661","3,661",62,19
1856,"WHORU_1
3661","3,661",51,19
1856,"DanTheMann321
3661","3,661",150,19
1856,"C-A-R-P-E
3661","3,661",454,19
1860,"Xx_Bot_69_Xx
3660","3,660",22,19
1860,"aidengaming23998
3660","3,660",35,19
1860,"FatalDeath15
3660","3,660",109,19
1860,"VebHeg
3660","3,660",67,19
1860,"MikeyyAC
3660","3,660",30,19
1860,"Darkki00
3660","3,660",17,19
1860,"DomSaves
3660","3,660",46,19
1860,"jackjo115
3660","3,660",225,19
1868,"FlamingZeus
3659","3,659",22,19
1868,"Fonzie3664
3659","3,659",22,19
1868,"Kaiyunn_
3659","3,659",63,19
1868,"CatPratt
3659","3,659",24,19
1868,"Sklape
3659","3,659",143,19
1868,"da072ni
3659","3,659",35,19
1874,"Jonaal
3658","3,658",31,19
1874,"FlankHog-
3658","3,658",32,19
1874,"staple20
3658","3,658",23,19
1874,"HealedPhoenix
3658","3,658",85,19
1874,"Anothergengimain
3658","3,658",63,19
1874,"xMindlessQueenx
3658","3,658",33,19
1874,"Dillen_J
3658","3,658",39,19
1881,"dooms_day1351
3657","3,657",16,19
1881,"KarmaSnow
3657","3,657",37,19
1881,"kazu808run
3657","3,657",63,19
1881,"thee-viper
3657","3,657",99,19
1881,"ChrisUbs03
3657","3,657",239,19
1881,"cBWM
3657","3,657",454,19
1881,"le-ribery
3657","3,657",46,19
1881,"DigitalXShadowX
3657","3,657",294,19
1889,"buunnaayy
3656","3,656",184,19
1889,"tdummy11
3656","3,656",30,19
1889,"ooopppiii
3656","3,656",67,19
1889,"DaYzIsHere
3656","3,656",121,19
1889,"Sombrero_Online
3656","3,656",75,19
1889,"Lucihoe
3656","3,656",22,19
1895,"MrDrStrangled
3655","3,655",152,19
1895,"Ardem_99
3655","3,655",718,19
1895,"BeastKiller_154
3655","3,655",27,19
1895,"JOSH_DE_LEGEND
3655","3,655",57,19
1895,"Really_I_Lose
3655","3,655",156,19
1895,"LIGERO_XD
3655","3,655",47,19
1895,"MrDrStrangled
3655","3,655",152,20
1895,"Really_I_Lose
3655","3,655",156,20
1895,"SaVaGe-FaCtOr
3655","3,655",258,20
1904,"xVICIOUS-KILLAx
3654","3,654",84,20
1904,"Brimstone_Kira
3654","3,654",97,20
1904,"ClimaxingCobra
3654","3,654",392,20
1904,"Jadeonii
3654","3,654",302,20
1904,"Niksi_
3654","3,654",75,20
1904,"almatrooshiii_
3654","3,654",188,20
1904,"MamaZocky
3654","3,654",228,20
1904,"Stefan__G1
3654","3,654",88,20
1904,"ThePandaPrince
3654","3,654",16,20
1913,"oKawaiiKoi
3653","3,653",33,20
1913,"warherox9
3653","3,653",95,20
1915,"WXWWXWXWWXWXWWXW
3652","3,652",68,20
1915,"soccerkid0014
3652","3,652",85,20
1915,"SHOWTIME__03Xx
3652","3,652",166,20
1915,"G-Force16202
3652","3,652",334,20
1915,"DkmJosh
3652","3,652",311,20
1915,"TheGoonDragon666
3652","3,652",436,20
1915,"PoisonGirl258
3652","3,652",94,20
1922,"gagago92
3651","3,651",13,20
1922,"chowdhury_59
 3651","3,651",256,20
1922,"MysTiic_C0mBaT
3651","3,651",68,20
1922,"Danfc343
3651","3,651",136,20
1922,"showtime_bailey
3651","3,651",292,20
1927,"megaed94
3650","3,650",96,20
1927,"dentalFl0zz
3650","3,650",96,20
1927,"Leo_the_Lion25
3650","3,650",146,20
1927,"MONSTERQ8533
3650","3,650",113,20
1927,"lHugoUchiha
3650","3,650",63,20
1932,"A-Boss-Nightmare
3649","3,649",32,20
1932,"remi-31_07
3649","3,649",187,20
1932,"Musinator
3649","3,649",63,20
1932,"TheWhiteChisiki
3649","3,649",29,20
1932,"Matrak78
3649","3,649",136,20
1932,"Sheds-
3649","3,649",450,20
1932,"brunumurder1911
3649","3,649",94,20
1932,"FishBangDingoDew
3649","3,649",171,20
1940,"Cozmic385
 3648","3,648",103,20
1940,"BlakkyOW_
3648","3,648",67,20
1940,"HarriBandicoot03
3648","3,648",30,20
1940,"Gr00tan
3648","3,648",129,20
1940,"Aziz-KUWAIT10
3648","3,648",44,20
1940,"honnndd
3648","3,648",128,20
1940,"machita_1
3648","3,648",210,20
1947,"Tsitsi13
3647","3,647",23,20
1947,"Vexify_Zephyr
3647","3,647",156,20
1947,"EmilMedEt
3647","3,647",36,20
1947,"EzDude_
3647","3,647",129,20
1947,"ZeddBR
3647","3,647",14,20
1947,"Symbra_Kane
3647","3,647",102,20
1953,"emf730
3646","3,646",171,20
1953,"Cream_vertex
3646","3,646",20,20
1953,"Jleppamaki
3646","3,646",34,20
1953,"oFsool-kun
3646","3,646",114,20
1953,"SYG_Anarchyy
3646","3,646",99,20
1953,"kevinbui1312
3646","3,646",86,20
1953,"freeman235
3646","3,646",408,20
1953,"koradjess58
3646","3,646",30,20
1961,"Idealist17
3645","3,645",76,20
1961,"thebulbalord227
3645","3,645",100,20
1963,"pantherviking786
3644","3,644",116,20
1963,"sombraxDoomfist
3644","3,644",29,20
1963,"Thunderland1
3644","3,644",157,20
1963,"FahadGamer22
3644","3,644",266,20
1963,"xXMaNiiaK-93Xx
3644","3,644",552,20
1963,"randy_787911
3644","3,644",98,20
1963,"MikeytheWerst
3644","3,644",90,20
1963,"Paledo14
3644","3,644",254,20
1963,"SadBoiHere
3644","3,644",172,20
1972,"DeFy_ZeSy
3643","3,643",126,20
1972,"high_rollin_905
3643","3,643",43,20
1972,"jazak12
3643","3,643",121,20
1972,"SHADOW-_-YouTube
3643","3,643",111,20
1972,"ElieQ007
3643","3,643",39,20
1972,"chocoltemelk
3643","3,643",86,20
1978,"Cybernetich0td0g
3642","3,642",64,20
1978,"Da_BaD_Ass_GaMeR
3642","3,642",102,20
1978,"Cherry-bomb599
3642","3,642",157,20
1978,"blair_da_boss
3642","3,642",163,20
1978,"Tiny_Olga
3642","3,642",137,20
1978,"LaoAleck
3642","3,642",82,20
1978,"Albert_comb
3642","3,642",82,20
1978,"ApollosPower
3642","3,642",127,20
1986,"SombraDoge
3641","3,641",44,20
1986,"KaIIum_
3641","3,641",60,20
1986,"GlucoseGuard101
3641","3,641",48,20
1986,"ixx_10
3641","3,641",300,20
1990,"AMTHAl-X
3640","3,640",49,20
1990,"NON-MOOD
3640","3,640",73,20
1990,"LowkeyYandere
3640","3,640",81,20
1990,"ImSmuFR
3640","3,640",325,20
1990,"OAAbalder
3640","3,640",216,20
1990,"X-E2002666
3640","3,640",62,20
1990,"YaboyElijah199
3640","3,640",112,20
1990,"Lord-Ravenclaw
3640","3,640",27,20
1998,"Superprut18
3639","3,639",49,20
1998,"SupremePenguin8
3639","3,639",155,20
1998,"itz_inkk
3639","3,639",226,20
